method,metric,extreme,image_id,metric_value,D_WACV,NIQE,LR_content,PSNR,SSIM,LPIPS,DISTS,sr_path,hr_path,lr_path,saved_sr,saved_hr,saved_lr,case_dir
HAT,D_WACV,minimum,DSC_1326,2788.475830078125,2788.475830078125,6.0987032908269185,0.03633614629507065,22.143660335591456,0.6736710667610168,0.2805585563182831,0.18958336114883423,/data/projectwork/sr_output/HAT_inference/DReal_x4/visualization/DReal_x4/DSC_1326_x1_DReal_x4.png,/home/projectwork/Deep_learning/VANSH_WORK/Internship/old/dataset/DRealSR-20231109T095957Z-004/DRealSR/Test_x4/HR/DSC_1326_x4.png,/home/projectwork/Deep_learning/VANSH_WORK/Internship/old/dataset/DRealSR-20231109T095957Z-004/DRealSR/Test_x4/LR/dreal4_15.png,/home/projectwork/student_package/day2_tasks/sr_output_outliers/HAT/D_WACV/minimum/SR_DSC_1326_x1_DReal_x4.png,/home/projectwork/student_package/day2_tasks/sr_output_outliers/HAT/D_WACV/minimum/HR_DSC_1326_x4.png,/home/projectwork/student_package/day2_tasks/sr_output_outliers/HAT/D_WACV/minimum/LR_dreal4_15.png,/home/projectwork/student_package/day2_tasks/sr_output_outliers/HAT/D_WACV/minimum
HAT,D_WACV,maximum,sony_189,2835.4716796875,2835.4716796875,17.647463278818606,0.02022157795727253,37.201275900563296,0.9847004612286886,0.03399094566702843,0.14419400691986084,/data/projectwork/sr_output/HAT_inference/DReal_x4/visualization/DReal_x4/sony_189_x1_DReal_x4.png,/home/projectwork/Deep_learning/VANSH_WORK/Internship/old/dataset/DRealSR-20231109T095957Z-004/DRealSR/Test_x4/HR/sony_189_x4.png,/home/projectwork/Deep_learning/VANSH_WORK/Internship/old/dataset/DRealSR-20231109T095957Z-004/DRealSR/Test_x4/LR/dreal4_87.png,/home/projectwork/student_package/day2_tasks/sr_output_outliers/HAT/D_WACV/maximum/SR_sony_189_x1_DReal_x4.png,/home/projectwork/student_package/day2_tasks/sr_output_outliers/HAT/D_WACV/maximum/HR_sony_189_x4.png,/home/projectwork/student_package/day2_tasks/sr_output_outliers/HAT/D_WACV/maximum/LR_dreal4_87.png,/home/projectwork/student_package/day2_tasks/sr_output_outliers/HAT/D_WACV/maximum
HAT,NIQE,minimum,panasonic_43,3.5499947984870377,2799.37939453125,3.5499947984870377,0.03298819810152054,21.934017402379645,0.4362025260925293,0.3584229350090027,0.2328505516052246,/data/projectwork/sr_output/HAT_inference/DReal_x4/visualization/DReal_x4/panasonic_43_x1_DReal_x4.png,/home/projectwork/Deep_learning/VANSH_WORK/Internship/old/dataset/DRealSR-20231109T095957Z-004/DRealSR/Test_x4/HR/panasonic_43_x4.png,/home/projectwork/Deep_learning/VANSH_WORK/Internship/old/dataset/DRealSR-20231109T095957Z-004/DRealSR/Test_x4/LR/dreal4_71.png,/home/projectwork/student_package/day2_tasks/sr_output_outliers/HAT/NIQE/minimum/SR_panasonic_43_x1_DReal_x4.png,/home/projectwork/student_package/day2_tasks/sr_output_outliers/HAT/NIQE/minimum/HR_panasonic_43_x4.png,/home/projectwork/student_package/day2_tasks/sr_output_outliers/HAT/NIQE/minimum/LR_dreal4_71.png,/home/projectwork/student_package/day2_tasks/sr_output_outliers/HAT/NIQE/minimum
HAT,NIQE,maximum,panasonic_187,53.90941222065564,2789.42529296875,53.90941222065564,0.06471144407987595,14.655363234639472,0.5643832286198934,0.2957301735877991,0.3021806478500366,/data/projectwork/sr_output/HAT_inference/DReal_x4/visualization/DReal_x4/panasonic_187_x1_DReal_x4.png,/home/projectwork/Deep_learning/VANSH_WORK/Internship/old/dataset/DRealSR-20231109T095957Z-004/DRealSR/Test_x4/HR/panasonic_187_x4.png,/home/projectwork/Deep_learning/VANSH_WORK/Internship/old/dataset/DRealSR-20231109T095957Z-004/DRealSR/Test_x4/LR/dreal4_65.png,/home/projectwork/student_package/day2_tasks/sr_output_outliers/HAT/NIQE/maximum/SR_panasonic_187_x1_DReal_x4.png,/home/projectwork/student_package/day2_tasks/sr_output_outliers/HAT/NIQE/maximum/HR_panasonic_187_x4.png,/home/projectwork/student_package/day2_tasks/sr_output_outliers/HAT/NIQE/maximum/LR_dreal4_65.png,/home/projectwork/student_package/day2_tasks/sr_output_outliers/HAT/NIQE/maximum
HAT,LR_content,minimum,Canon_56,0.011278053745627403,2818.647216796875,16.040056647750013,0.011278053745627403,40.810684735991,0.9615029295285543,0.07333847135305405,0.20690089464187622,/data/projectwork/sr_output/HAT_inference/DReal_x4/visualization/DReal_x4/Canon_56_x1_DReal_x4.png,/home/projectwork/Deep_learning/VANSH_WORK/Internship/old/dataset/DRealSR-20231109T095957Z-004/DRealSR/Test_x4/HR/Canon_56_x4.png,/home/projectwork/Deep_learning/VANSH_WORK/Internship/old/dataset/DRealSR-20231109T095957Z-004/DRealSR/Test_x4/LR/dreal4_5.png,/home/projectwork/student_package/day2_tasks/sr_output_outliers/HAT/LR_content/minimum/SR_Canon_56_x1_DReal_x4.png,/home/projectwork/student_package/day2_tasks/sr_output_outliers/HAT/LR_content/minimum/HR_Canon_56_x4.png,/home/projectwork/student_package/day2_tasks/sr_output_outliers/HAT/LR_content/minimum/LR_dreal4_5.png,/home/projectwork/student_package/day2_tasks/sr_output_outliers/HAT/LR_content/minimum
HAT,LR_content,maximum,DSC_1404,0.07722193747758865,2810.42333984375,14.117897494545979,0.07722193747758865,22.803122216284912,0.83409583568573,0.15705154836177826,0.19296330213546753,/data/projectwork/sr_output/HAT_inference/DReal_x4/visualization/DReal_x4/DSC_1404_x1_DReal_x4.png,/home/projectwork/Deep_learning/VANSH_WORK/Internship/old/dataset/DRealSR-20231109T095957Z-004/DRealSR/Test_x4/HR/DSC_1404_x4.png,/home/projectwork/Deep_learning/VANSH_WORK/Internship/old/dataset/DRealSR-20231109T095957Z-004/DRealSR/Test_x4/LR/dreal4_16.png,/home/projectwork/student_package/day2_tasks/sr_output_outliers/HAT/LR_content/maximum/SR_DSC_1404_x1_DReal_x4.png,/home/projectwork/student_package/day2_tasks/sr_output_outliers/HAT/LR_content/maximum/HR_DSC_1404_x4.png,/home/projectwork/student_package/day2_tasks/sr_output_outliers/HAT/LR_content/maximum/LR_dreal4_16.png,/home/projectwork/student_package/day2_tasks/sr_output_outliers/HAT/LR_content/maximum
HAT,PSNR,minimum,panasonic_187,14.655363234639472,2789.42529296875,53.90941222065564,0.06471144407987595,14.655363234639472,0.5643832286198934,0.2957301735877991,0.3021806478500366,/data/projectwork/sr_output/HAT_inference/DReal_x4/visualization/DReal_x4/panasonic_187_x1_DReal_x4.png,/home/projectwork/Deep_learning/VANSH_WORK/Internship/old/dataset/DRealSR-20231109T095957Z-004/DRealSR/Test_x4/HR/panasonic_187_x4.png,/home/projectwork/Deep_learning/VANSH_WORK/Internship/old/dataset/DRealSR-20231109T095957Z-004/DRealSR/Test_x4/LR/dreal4_65.png,/home/projectwork/student_package/day2_tasks/sr_output_outliers/HAT/PSNR/minimum/SR_panasonic_187_x1_DReal_x4.png,/home/projectwork/student_package/day2_tasks/sr_output_outliers/HAT/PSNR/minimum/HR_panasonic_187_x4.png,/home/projectwork/student_package/day2_tasks/sr_output_outliers/HAT/PSNR/minimum/LR_dreal4_65.png,/home/projectwork/student_package/day2_tasks/sr_output_outliers/HAT/PSNR/minimum
HAT,PSNR,maximum,Canon_56,40.810684735991,2818.647216796875,16.040056647750013,0.011278053745627403,40.810684735991,0.9615029295285543,0.07333847135305405,0.20690089464187622,/data/projectwork/sr_output/HAT_inference/DReal_x4/visualization/DReal_x4/Canon_56_x1_DReal_x4.png,/home/projectwork/Deep_learning/VANSH_WORK/Internship/old/dataset/DRealSR-20231109T095957Z-004/DRealSR/Test_x4/HR/Canon_56_x4.png,/home/projectwork/Deep_learning/VANSH_WORK/Internship/old/dataset/DRealSR-20231109T095957Z-004/DRealSR/Test_x4/LR/dreal4_5.png,/home/projectwork/student_package/day2_tasks/sr_output_outliers/HAT/PSNR/maximum/SR_Canon_56_x1_DReal_x4.png,/home/projectwork/student_package/day2_tasks/sr_output_outliers/HAT/PSNR/maximum/HR_Canon_56_x4.png,/home/projectwork/student_package/day2_tasks/sr_output_outliers/HAT/PSNR/maximum/LR_dreal4_5.png,/home/projectwork/student_package/day2_tasks/sr_output_outliers/HAT/PSNR/maximum
HAT,SSIM,minimum,panasonic_43,0.4362025260925293,2799.37939453125,3.5499947984870377,0.03298819810152054,21.934017402379645,0.4362025260925293,0.3584229350090027,0.2328505516052246,/data/projectwork/sr_output/HAT_inference/DReal_x4/visualization/DReal_x4/panasonic_43_x1_DReal_x4.png,/home/projectwork/Deep_learning/VANSH_WORK/Internship/old/dataset/DRealSR-20231109T095957Z-004/DRealSR/Test_x4/HR/panasonic_43_x4.png,/home/projectwork/Deep_learning/VANSH_WORK/Internship/old/dataset/DRealSR-20231109T095957Z-004/DRealSR/Test_x4/LR/dreal4_71.png,/home/projectwork/student_package/day2_tasks/sr_output_outliers/HAT/SSIM/minimum/SR_panasonic_43_x1_DReal_x4.png,/home/projectwork/student_package/day2_tasks/sr_output_outliers/HAT/SSIM/minimum/HR_panasonic_43_x4.png,/home/projectwork/student_package/day2_tasks/sr_output_outliers/HAT/SSIM/minimum/LR_dreal4_71.png,/home/projectwork/student_package/day2_tasks/sr_output_outliers/HAT/SSIM/minimum
HAT,SSIM,maximum,P1160566,0.9880563815434774,2828.23388671875,21.759676124614025,0.03167787566781044,38.796437706070115,0.9880563815434774,0.06557569652795792,0.2354259490966797,/data/projectwork/sr_output/HAT_inference/DReal_x4/visualization/DReal_x4/P1160566_x1_DReal_x4.png,/home/projectwork/Deep_learning/VANSH_WORK/Internship/old/dataset/DRealSR-20231109T095957Z-004/DRealSR/Test_x4/HR/P1160566_x4.png,/home/projectwork/Deep_learning/VANSH_WORK/Internship/old/dataset/DRealSR-20231109T095957Z-004/DRealSR/Test_x4/LR/dreal4_50.png,/home/projectwork/student_package/day2_tasks/sr_output_outliers/HAT/SSIM/maximum/SR_P1160566_x1_DReal_x4.png,/home/projectwork/student_package/day2_tasks/sr_output_outliers/HAT/SSIM/maximum/HR_P1160566_x4.png,/home/projectwork/student_package/day2_tasks/sr_output_outliers/HAT/SSIM/maximum/LR_dreal4_50.png,/home/projectwork/student_package/day2_tasks/sr_output_outliers/HAT/SSIM/maximum
HAT,LPIPS,minimum,sony_189,0.03399094566702843,2835.4716796875,17.647463278818606,0.02022157795727253,37.201275900563296,0.9847004612286886,0.03399094566702843,0.14419400691986084,/data/projectwork/sr_output/HAT_inference/DReal_x4/visualization/DReal_x4/sony_189_x1_DReal_x4.png,/home/projectwork/Deep_learning/VANSH_WORK/Internship/old/dataset/DRealSR-20231109T095957Z-004/DRealSR/Test_x4/HR/sony_189_x4.png,/home/projectwork/Deep_learning/VANSH_WORK/Internship/old/dataset/DRealSR-20231109T095957Z-004/DRealSR/Test_x4/LR/dreal4_87.png,/home/projectwork/student_package/day2_tasks/sr_output_outliers/HAT/LPIPS/minimum/SR_sony_189_x1_DReal_x4.png,/home/projectwork/student_package/day2_tasks/sr_output_outliers/HAT/LPIPS/minimum/HR_sony_189_x4.png,/home/projectwork/student_package/day2_tasks/sr_output_outliers/HAT/LPIPS/minimum/LR_dreal4_87.png,/home/projectwork/student_package/day2_tasks/sr_output_outliers/HAT/LPIPS/minimum
HAT,LPIPS,maximum,panasonic_103,0.5430818200111389,2807.3544921875,12.164425840096676,0.022317247465252876,23.995354074781314,0.5280207792917887,0.5430818200111389,0.257707417011261,/data/projectwork/sr_output/HAT_inference/DReal_x4/visualization/DReal_x4/panasonic_103_x1_DReal_x4.png,/home/projectwork/Deep_learning/VANSH_WORK/Internship/old/dataset/DRealSR-20231109T095957Z-004/DRealSR/Test_x4/HR/panasonic_103_x4.png,/home/projectwork/Deep_learning/VANSH_WORK/Internship/old/dataset/DRealSR-20231109T095957Z-004/DRealSR/Test_x4/LR/dreal4_57.png,/home/projectwork/student_package/day2_tasks/sr_output_outliers/HAT/LPIPS/maximum/SR_panasonic_103_x1_DReal_x4.png,/home/projectwork/student_package/day2_tasks/sr_output_outliers/HAT/LPIPS/maximum/HR_panasonic_103_x4.png,/home/projectwork/student_package/day2_tasks/sr_output_outliers/HAT/LPIPS/maximum/LR_dreal4_57.png,/home/projectwork/student_package/day2_tasks/sr_output_outliers/HAT/LPIPS/maximum
HAT,DISTS,minimum,sony_158,0.11860531568527222,2817.40771484375,12.930487491717638,0.027962932363152504,39.23136172762902,0.9461372097333273,0.18843203783035278,0.11860531568527222,/data/projectwork/sr_output/HAT_inference/DReal_x4/visualization/DReal_x4/sony_158_x1_DReal_x4.png,/home/projectwork/Deep_learning/VANSH_WORK/Internship/old/dataset/DRealSR-20231109T095957Z-004/DRealSR/Test_x4/HR/sony_158_x4.png,/home/projectwork/Deep_learning/VANSH_WORK/Internship/old/dataset/DRealSR-20231109T095957Z-004/DRealSR/Test_x4/LR/dreal4_83.png,/home/projectwork/student_package/day2_tasks/sr_output_outliers/HAT/DISTS/minimum/SR_sony_158_x1_DReal_x4.png,/home/projectwork/student_package/day2_tasks/sr_output_outliers/HAT/DISTS/minimum/HR_sony_158_x4.png,/home/projectwork/student_package/day2_tasks/sr_output_outliers/HAT/DISTS/minimum/LR_dreal4_83.png,/home/projectwork/student_package/day2_tasks/sr_output_outliers/HAT/DISTS/minimum
HAT,DISTS,maximum,P1140189,0.3777567744255066,2810.994140625,6.699194402434809,0.02643449790775776,32.42195371818084,0.7829463283220927,0.4496708810329437,0.3777567744255066,/data/projectwork/sr_output/HAT_inference/DReal_x4/visualization/DReal_x4/P1140189_x1_DReal_x4.png,/home/projectwork/Deep_learning/VANSH_WORK/Internship/old/dataset/DRealSR-20231109T095957Z-004/DRealSR/Test_x4/HR/P1140189_x4.png,/home/projectwork/Deep_learning/VANSH_WORK/Internship/old/dataset/DRealSR-20231109T095957Z-004/DRealSR/Test_x4/LR/dreal4_44.png,/home/projectwork/student_package/day2_tasks/sr_output_outliers/HAT/DISTS/maximum/SR_P1140189_x1_DReal_x4.png,/home/projectwork/student_package/day2_tasks/sr_output_outliers/HAT/DISTS/maximum/HR_P1140189_x4.png,/home/projectwork/student_package/day2_tasks/sr_output_outliers/HAT/DISTS/maximum/LR_dreal4_44.png,/home/projectwork/student_package/day2_tasks/sr_output_outliers/HAT/DISTS/maximum
SwinSR,D_WACV,minimum,DSC_1326,2793.277099609375,2793.277099609375,6.116721085426489,0.03216954320669174,21.79327566395576,0.6658457318941752,0.30748528242111206,0.20617246627807617,/data/projectwork/sr_output/swinIr_Inference/SwinIR_results/Dreal/DRealSR_all_x4_DSC_1326_x1.png,/home/projectwork/Deep_learning/VANSH_WORK/Internship/old/dataset/DRealSR-20231109T095957Z-004/DRealSR/Test_x4/HR/DSC_1326_x4.png,/home/projectwork/Deep_learning/VANSH_WORK/Internship/old/dataset/DRealSR-20231109T095957Z-004/DRealSR/Test_x4/LR/dreal4_15.png,/home/projectwork/student_package/day2_tasks/sr_output_outliers/SwinSR/D_WACV/minimum/SR_DRealSR_all_x4_DSC_1326_x1.png,/home/projectwork/student_package/day2_tasks/sr_output_outliers/SwinSR/D_WACV/minimum/HR_DSC_1326_x4.png,/home/projectwork/student_package/day2_tasks/sr_output_outliers/SwinSR/D_WACV/minimum/LR_dreal4_15.png,/home/projectwork/student_package/day2_tasks/sr_output_outliers/SwinSR/D_WACV/minimum
SwinSR,D_WACV,maximum,sony_189,2835.353759765625,2835.353759765625,20.877908331127212,0.015794748440384865,42.993129617182326,0.9856299956639608,0.04124434292316437,0.18059992790222168,/data/projectwork/sr_output/swinIr_Inference/SwinIR_results/Dreal/DRealSR_all_x4_sony_189_x1.png,/home/projectwork/Deep_learning/VANSH_WORK/Internship/old/dataset/DRealSR-20231109T095957Z-004/DRealSR/Test_x4/HR/sony_189_x4.png,/home/projectwork/Deep_learning/VANSH_WORK/Internship/old/dataset/DRealSR-20231109T095957Z-004/DRealSR/Test_x4/LR/dreal4_87.png,/home/projectwork/student_package/day2_tasks/sr_output_outliers/SwinSR/D_WACV/maximum/SR_DRealSR_all_x4_sony_189_x1.png,/home/projectwork/student_package/day2_tasks/sr_output_outliers/SwinSR/D_WACV/maximum/HR_sony_189_x4.png,/home/projectwork/student_package/day2_tasks/sr_output_outliers/SwinSR/D_WACV/maximum/LR_dreal4_87.png,/home/projectwork/student_package/day2_tasks/sr_output_outliers/SwinSR/D_WACV/maximum
SwinSR,NIQE,minimum,panasonic_43,3.393277192074285,2801.498291015625,3.393277192074285,0.041876863688230515,21.446605442772857,0.4188240667184194,0.37297964096069336,0.2163681983947754,/data/projectwork/sr_output/swinIr_Inference/SwinIR_results/Dreal/DRealSR_all_x4_panasonic_43_x1.png,/home/projectwork/Deep_learning/VANSH_WORK/Internship/old/dataset/DRealSR-20231109T095957Z-004/DRealSR/Test_x4/HR/panasonic_43_x4.png,/home/projectwork/Deep_learning/VANSH_WORK/Internship/old/dataset/DRealSR-20231109T095957Z-004/DRealSR/Test_x4/LR/dreal4_71.png,/home/projectwork/student_package/day2_tasks/sr_output_outliers/SwinSR/NIQE/minimum/SR_DRealSR_all_x4_panasonic_43_x1.png,/home/projectwork/student_package/day2_tasks/sr_output_outliers/SwinSR/NIQE/minimum/HR_panasonic_43_x4.png,/home/projectwork/student_package/day2_tasks/sr_output_outliers/SwinSR/NIQE/minimum/LR_dreal4_71.png,/home/projectwork/student_package/day2_tasks/sr_output_outliers/SwinSR/NIQE/minimum
SwinSR,NIQE,maximum,panasonic_187,38.77078735055938,2794.253662109375,38.77078735055938,0.05835352838039398,13.56235041595796,0.39334744215011597,0.2491622269153595,0.3207968473434448,/data/projectwork/sr_output/swinIr_Inference/SwinIR_results/Dreal/DRealSR_all_x4_panasonic_187_x1.png,/home/projectwork/Deep_learning/VANSH_WORK/Internship/old/dataset/DRealSR-20231109T095957Z-004/DRealSR/Test_x4/HR/panasonic_187_x4.png,/home/projectwork/Deep_learning/VANSH_WORK/Internship/old/dataset/DRealSR-20231109T095957Z-004/DRealSR/Test_x4/LR/dreal4_65.png,/home/projectwork/student_package/day2_tasks/sr_output_outliers/SwinSR/NIQE/maximum/SR_DRealSR_all_x4_panasonic_187_x1.png,/home/projectwork/student_package/day2_tasks/sr_output_outliers/SwinSR/NIQE/maximum/HR_panasonic_187_x4.png,/home/projectwork/student_package/day2_tasks/sr_output_outliers/SwinSR/NIQE/maximum/LR_dreal4_65.png,/home/projectwork/student_package/day2_tasks/sr_output_outliers/SwinSR/NIQE/maximum
SwinSR,LR_content,minimum,sony_11,0.013881710357964039,2810.33349609375,5.219321615290071,0.013881710357964039,27.021184242086154,0.6153822143872579,0.2866196930408478,0.17913246154785156,/data/projectwork/sr_output/swinIr_Inference/SwinIR_results/Dreal/DRealSR_all_x4_sony_11_x1.png,/home/projectwork/Deep_learning/VANSH_WORK/Internship/old/dataset/DRealSR-20231109T095957Z-004/DRealSR/Test_x4/HR/sony_11_x4.png,/home/projectwork/Deep_learning/VANSH_WORK/Internship/old/dataset/DRealSR-20231109T095957Z-004/DRealSR/Test_x4/LR/dreal4_80.png,/home/projectwork/student_package/day2_tasks/sr_output_outliers/SwinSR/LR_content/minimum/SR_DRealSR_all_x4_sony_11_x1.png,/home/projectwork/student_package/day2_tasks/sr_output_outliers/SwinSR/LR_content/minimum/HR_sony_11_x4.png,/home/projectwork/student_package/day2_tasks/sr_output_outliers/SwinSR/LR_content/minimum/LR_dreal4_80.png,/home/projectwork/student_package/day2_tasks/sr_output_outliers/SwinSR/LR_content/minimum
SwinSR,LR_content,maximum,IMG_113,0.09765183180570602,2799.91064453125,8.839164280591879,0.09765183180570602,17.917014792780474,0.42979303002357483,0.5440962314605713,0.31881988048553467,/data/projectwork/sr_output/swinIr_Inference/SwinIR_results/Dreal/DRealSR_all_x4_IMG_113_x1.png,/home/projectwork/Deep_learning/VANSH_WORK/Internship/old/dataset/DRealSR-20231109T095957Z-004/DRealSR/Test_x4/HR/IMG_113_x4.png,/home/projectwork/Deep_learning/VANSH_WORK/Internship/old/dataset/DRealSR-20231109T095957Z-004/DRealSR/Test_x4/LR/dreal4_27.png,/home/projectwork/student_package/day2_tasks/sr_output_outliers/SwinSR/LR_content/maximum/SR_DRealSR_all_x4_IMG_113_x1.png,/home/projectwork/student_package/day2_tasks/sr_output_outliers/SwinSR/LR_content/maximum/HR_IMG_113_x4.png,/home/projectwork/student_package/day2_tasks/sr_output_outliers/SwinSR/LR_content/maximum/LR_dreal4_27.png,/home/projectwork/student_package/day2_tasks/sr_output_outliers/SwinSR/LR_content/maximum
SwinSR,PSNR,minimum,panasonic_187,13.56235041595796,2794.253662109375,38.77078735055938,0.05835352838039398,13.56235041595796,0.39334744215011597,0.2491622269153595,0.3207968473434448,/data/projectwork/sr_output/swinIr_Inference/SwinIR_results/Dreal/DRealSR_all_x4_panasonic_187_x1.png,/home/projectwork/Deep_learning/VANSH_WORK/Internship/old/dataset/DRealSR-20231109T095957Z-004/DRealSR/Test_x4/HR/panasonic_187_x4.png,/home/projectwork/Deep_learning/VANSH_WORK/Internship/old/dataset/DRealSR-20231109T095957Z-004/DRealSR/Test_x4/LR/dreal4_65.png,/home/projectwork/student_package/day2_tasks/sr_output_outliers/SwinSR/PSNR/minimum/SR_DRealSR_all_x4_panasonic_187_x1.png,/home/projectwork/student_package/day2_tasks/sr_output_outliers/SwinSR/PSNR/minimum/HR_panasonic_187_x4.png,/home/projectwork/student_package/day2_tasks/sr_output_outliers/SwinSR/PSNR/minimum/LR_dreal4_65.png,/home/projectwork/student_package/day2_tasks/sr_output_outliers/SwinSR/PSNR/minimum
SwinSR,PSNR,maximum,sony_160,44.000260978586994,2824.070068359375,17.11358473220248,0.01614786684513092,44.000260978586994,0.9779958923657736,0.051246412098407745,0.17753982543945312,/data/projectwork/sr_output/swinIr_Inference/SwinIR_results/Dreal/DRealSR_all_x4_sony_160_x1.png,/home/projectwork/Deep_learning/VANSH_WORK/Internship/old/dataset/DRealSR-20231109T095957Z-004/DRealSR/Test_x4/HR/sony_160_x4.png,/home/projectwork/Deep_learning/VANSH_WORK/Internship/old/dataset/DRealSR-20231109T095957Z-004/DRealSR/Test_x4/LR/dreal4_84.png,/home/projectwork/student_package/day2_tasks/sr_output_outliers/SwinSR/PSNR/maximum/SR_DRealSR_all_x4_sony_160_x1.png,/home/projectwork/student_package/day2_tasks/sr_output_outliers/SwinSR/PSNR/maximum/HR_sony_160_x4.png,/home/projectwork/student_package/day2_tasks/sr_output_outliers/SwinSR/PSNR/maximum/LR_dreal4_84.png,/home/projectwork/student_package/day2_tasks/sr_output_outliers/SwinSR/PSNR/maximum
SwinSR,SSIM,minimum,sony_129,0.3303769926230113,2801.8173828125,6.120803888832932,0.05644965544342995,19.490542017543703,0.3303769926230113,0.5189359784126282,0.23804283142089844,/data/projectwork/sr_output/swinIr_Inference/SwinIR_results/Dreal/DRealSR_all_x4_sony_129_x1.png,/home/projectwork/Deep_learning/VANSH_WORK/Internship/old/dataset/DRealSR-20231109T095957Z-004/DRealSR/Test_x4/HR/sony_129_x4.png,/home/projectwork/Deep_learning/VANSH_WORK/Internship/old/dataset/DRealSR-20231109T095957Z-004/DRealSR/Test_x4/LR/dreal4_82.png,/home/projectwork/student_package/day2_tasks/sr_output_outliers/SwinSR/SSIM/minimum/SR_DRealSR_all_x4_sony_129_x1.png,/home/projectwork/student_package/day2_tasks/sr_output_outliers/SwinSR/SSIM/minimum/HR_sony_129_x4.png,/home/projectwork/student_package/day2_tasks/sr_output_outliers/SwinSR/SSIM/minimum/LR_dreal4_82.png,/home/projectwork/student_package/day2_tasks/sr_output_outliers/SwinSR/SSIM/minimum
SwinSR,SSIM,maximum,P1160566,0.9861760338147482,2825.005126953125,17.22997411688893,0.03530660644173622,37.964421050897414,0.9861760338147482,0.06804171949625015,0.2403864860534668,/data/projectwork/sr_output/swinIr_Inference/SwinIR_results/Dreal/DRealSR_all_x4_P1160566_x1.png,/home/projectwork/Deep_learning/VANSH_WORK/Internship/old/dataset/DRealSR-20231109T095957Z-004/DRealSR/Test_x4/HR/P1160566_x4.png,/home/projectwork/Deep_learning/VANSH_WORK/Internship/old/dataset/DRealSR-20231109T095957Z-004/DRealSR/Test_x4/LR/dreal4_50.png,/home/projectwork/student_package/day2_tasks/sr_output_outliers/SwinSR/SSIM/maximum/SR_DRealSR_all_x4_P1160566_x1.png,/home/projectwork/student_package/day2_tasks/sr_output_outliers/SwinSR/SSIM/maximum/HR_P1160566_x4.png,/home/projectwork/student_package/day2_tasks/sr_output_outliers/SwinSR/SSIM/maximum/LR_dreal4_50.png,/home/projectwork/student_package/day2_tasks/sr_output_outliers/SwinSR/SSIM/maximum
SwinSR,LPIPS,minimum,sony_189,0.04124434292316437,2835.353759765625,20.877908331127212,0.015794748440384865,42.993129617182326,0.9856299956639608,0.04124434292316437,0.18059992790222168,/data/projectwork/sr_output/swinIr_Inference/SwinIR_results/Dreal/DRealSR_all_x4_sony_189_x1.png,/home/projectwork/Deep_learning/VANSH_WORK/Internship/old/dataset/DRealSR-20231109T095957Z-004/DRealSR/Test_x4/HR/sony_189_x4.png,/home/projectwork/Deep_learning/VANSH_WORK/Internship/old/dataset/DRealSR-20231109T095957Z-004/DRealSR/Test_x4/LR/dreal4_87.png,/home/projectwork/student_package/day2_tasks/sr_output_outliers/SwinSR/LPIPS/minimum/SR_DRealSR_all_x4_sony_189_x1.png,/home/projectwork/student_package/day2_tasks/sr_output_outliers/SwinSR/LPIPS/minimum/HR_sony_189_x4.png,/home/projectwork/student_package/day2_tasks/sr_output_outliers/SwinSR/LPIPS/minimum/LR_dreal4_87.png,/home/projectwork/student_package/day2_tasks/sr_output_outliers/SwinSR/LPIPS/minimum
SwinSR,LPIPS,maximum,panasonic_182,0.5548703074455261,2799.160400390625,10.865191646182614,0.07151803374290466,21.191250958519426,0.4615299900372823,0.5548703074455261,0.31543081998825073,/data/projectwork/sr_output/swinIr_Inference/SwinIR_results/Dreal/DRealSR_all_x4_panasonic_182_x1.png,/home/projectwork/Deep_learning/VANSH_WORK/Internship/old/dataset/DRealSR-20231109T095957Z-004/DRealSR/Test_x4/HR/panasonic_182_x4.png,/home/projectwork/Deep_learning/VANSH_WORK/Internship/old/dataset/DRealSR-20231109T095957Z-004/DRealSR/Test_x4/LR/dreal4_64.png,/home/projectwork/student_package/day2_tasks/sr_output_outliers/SwinSR/LPIPS/maximum/SR_DRealSR_all_x4_panasonic_182_x1.png,/home/projectwork/student_package/day2_tasks/sr_output_outliers/SwinSR/LPIPS/maximum/HR_panasonic_182_x4.png,/home/projectwork/student_package/day2_tasks/sr_output_outliers/SwinSR/LPIPS/maximum/LR_dreal4_64.png,/home/projectwork/student_package/day2_tasks/sr_output_outliers/SwinSR/LPIPS/maximum
SwinSR,DISTS,minimum,IMG_143,0.13703006505966187,2806.55126953125,22.288276472296687,0.06558158993721008,19.73463067087643,0.5878524581591288,0.2076881229877472,0.13703006505966187,/data/projectwork/sr_output/swinIr_Inference/SwinIR_results/Dreal/DRealSR_all_x4_IMG_143_x1.png,/home/projectwork/Deep_learning/VANSH_WORK/Internship/old/dataset/DRealSR-20231109T095957Z-004/DRealSR/Test_x4/HR/IMG_143_x4.png,/home/projectwork/Deep_learning/VANSH_WORK/Internship/old/dataset/DRealSR-20231109T095957Z-004/DRealSR/Test_x4/LR/dreal4_32.png,/home/projectwork/student_package/day2_tasks/sr_output_outliers/SwinSR/DISTS/minimum/SR_DRealSR_all_x4_IMG_143_x1.png,/home/projectwork/student_package/day2_tasks/sr_output_outliers/SwinSR/DISTS/minimum/HR_IMG_143_x4.png,/home/projectwork/student_package/day2_tasks/sr_output_outliers/SwinSR/DISTS/minimum/LR_dreal4_32.png,/home/projectwork/student_package/day2_tasks/sr_output_outliers/SwinSR/DISTS/minimum
SwinSR,DISTS,maximum,P1140189,0.38596057891845703,2818.470458984375,10.866896543274274,0.028636792674660683,34.10264325158759,0.8279708425203959,0.43641141057014465,0.38596057891845703,/data/projectwork/sr_output/swinIr_Inference/SwinIR_results/Dreal/DRealSR_all_x4_P1140189_x1.png,/home/projectwork/Deep_learning/VANSH_WORK/Internship/old/dataset/DRealSR-20231109T095957Z-004/DRealSR/Test_x4/HR/P1140189_x4.png,/home/projectwork/Deep_learning/VANSH_WORK/Internship/old/dataset/DRealSR-20231109T095957Z-004/DRealSR/Test_x4/LR/dreal4_44.png,/home/projectwork/student_package/day2_tasks/sr_output_outliers/SwinSR/DISTS/maximum/SR_DRealSR_all_x4_P1140189_x1.png,/home/projectwork/student_package/day2_tasks/sr_output_outliers/SwinSR/DISTS/maximum/HR_P1140189_x4.png,/home/projectwork/student_package/day2_tasks/sr_output_outliers/SwinSR/DISTS/maximum/LR_dreal4_44.png,/home/projectwork/student_package/day2_tasks/sr_output_outliers/SwinSR/DISTS/maximum
