index,name,source_path,severity,kernel,sigma,D_WACV,saved_image
1,0751.png,/data/projectwork/swati_mam/HR_DATA/HR-calibration/DIV2K/0751.png,0,0,0.0,2804.81640625,/home/projectwork/student_package/task wacv/check_b_gaussian_blur_severity_images/severity_0/0001_0751_sev0_k0_sigma0.png
1,0751.png,/data/projectwork/swati_mam/HR_DATA/HR-calibration/DIV2K/0751.png,1,5,1.0,2805.12060546875,/home/projectwork/student_package/task wacv/check_b_gaussian_blur_severity_images/severity_1/0001_0751_sev1_k5_sigma1.png
1,0751.png,/data/projectwork/swati_mam/HR_DATA/HR-calibration/DIV2K/0751.png,2,9,2.0,2809.202392578125,/home/projectwork/student_package/task wacv/check_b_gaussian_blur_severity_images/severity_2/0001_0751_sev2_k9_sigma2.png
1,0751.png,/data/projectwork/swati_mam/HR_DATA/HR-calibration/DIV2K/0751.png,3,15,4.0,2814.862060546875,/home/projectwork/student_package/task wacv/check_b_gaussian_blur_severity_images/severity_3/0001_0751_sev3_k15_sigma4.png
1,0751.png,/data/projectwork/swati_mam/HR_DATA/HR-calibration/DIV2K/0751.png,4,21,8.0,2815.7685546875,/home/projectwork/student_package/task wacv/check_b_gaussian_blur_severity_images/severity_4/0001_0751_sev4_k21_sigma8.png
2,0752.png,/data/projectwork/swati_mam/HR_DATA/HR-calibration/DIV2K/0752.png,0,0,0.0,2802.319091796875,/home/projectwork/student_package/task wacv/check_b_gaussian_blur_severity_images/severity_0/0002_0752_sev0_k0_sigma0.png
2,0752.png,/data/projectwork/swati_mam/HR_DATA/HR-calibration/DIV2K/0752.png,1,5,1.0,2803.98388671875,/home/projectwork/student_package/task wacv/check_b_gaussian_blur_severity_images/severity_1/0002_0752_sev1_k5_sigma1.png
2,0752.png,/data/projectwork/swati_mam/HR_DATA/HR-calibration/DIV2K/0752.png,2,9,2.0,2808.326416015625,/home/projectwork/student_package/task wacv/check_b_gaussian_blur_severity_images/severity_2/0002_0752_sev2_k9_sigma2.png
2,0752.png,/data/projectwork/swati_mam/HR_DATA/HR-calibration/DIV2K/0752.png,3,15,4.0,2815.16943359375,/home/projectwork/student_package/task wacv/check_b_gaussian_blur_severity_images/severity_3/0002_0752_sev3_k15_sigma4.png
2,0752.png,/data/projectwork/swati_mam/HR_DATA/HR-calibration/DIV2K/0752.png,4,21,8.0,2817.404541015625,/home/projectwork/student_package/task wacv/check_b_gaussian_blur_severity_images/severity_4/0002_0752_sev4_k21_sigma8.png
3,0753.png,/data/projectwork/swati_mam/HR_DATA/HR-calibration/DIV2K/0753.png,0,0,0.0,2805.6279296875,/home/projectwork/student_package/task wacv/check_b_gaussian_blur_severity_images/severity_0/0003_0753_sev0_k0_sigma0.png
3,0753.png,/data/projectwork/swati_mam/HR_DATA/HR-calibration/DIV2K/0753.png,1,5,1.0,2805.73046875,/home/projectwork/student_package/task wacv/check_b_gaussian_blur_severity_images/severity_1/0003_0753_sev1_k5_sigma1.png
3,0753.png,/data/projectwork/swati_mam/HR_DATA/HR-calibration/DIV2K/0753.png,2,9,2.0,2812.4091796875,/home/projectwork/student_package/task wacv/check_b_gaussian_blur_severity_images/severity_2/0003_0753_sev2_k9_sigma2.png
3,0753.png,/data/projectwork/swati_mam/HR_DATA/HR-calibration/DIV2K/0753.png,3,15,4.0,2819.723388671875,/home/projectwork/student_package/task wacv/check_b_gaussian_blur_severity_images/severity_3/0003_0753_sev3_k15_sigma4.png
3,0753.png,/data/projectwork/swati_mam/HR_DATA/HR-calibration/DIV2K/0753.png,4,21,8.0,2823.389892578125,/home/projectwork/student_package/task wacv/check_b_gaussian_blur_severity_images/severity_4/0003_0753_sev4_k21_sigma8.png
4,0754.png,/data/projectwork/swati_mam/HR_DATA/HR-calibration/DIV2K/0754.png,0,0,0.0,2806.081787109375,/home/projectwork/student_package/task wacv/check_b_gaussian_blur_severity_images/severity_0/0004_0754_sev0_k0_sigma0.png
4,0754.png,/data/projectwork/swati_mam/HR_DATA/HR-calibration/DIV2K/0754.png,1,5,1.0,2807.934814453125,/home/projectwork/student_package/task wacv/check_b_gaussian_blur_severity_images/severity_1/0004_0754_sev1_k5_sigma1.png
4,0754.png,/data/projectwork/swati_mam/HR_DATA/HR-calibration/DIV2K/0754.png,2,9,2.0,2812.649658203125,/home/projectwork/student_package/task wacv/check_b_gaussian_blur_severity_images/severity_2/0004_0754_sev2_k9_sigma2.png
4,0754.png,/data/projectwork/swati_mam/HR_DATA/HR-calibration/DIV2K/0754.png,3,15,4.0,2818.60888671875,/home/projectwork/student_package/task wacv/check_b_gaussian_blur_severity_images/severity_3/0004_0754_sev3_k15_sigma4.png
4,0754.png,/data/projectwork/swati_mam/HR_DATA/HR-calibration/DIV2K/0754.png,4,21,8.0,2820.697509765625,/home/projectwork/student_package/task wacv/check_b_gaussian_blur_severity_images/severity_4/0004_0754_sev4_k21_sigma8.png
5,0755.png,/data/projectwork/swati_mam/HR_DATA/HR-calibration/DIV2K/0755.png,0,0,0.0,2810.1279296875,/home/projectwork/student_package/task wacv/check_b_gaussian_blur_severity_images/severity_0/0005_0755_sev0_k0_sigma0.png
5,0755.png,/data/projectwork/swati_mam/HR_DATA/HR-calibration/DIV2K/0755.png,1,5,1.0,2808.881103515625,/home/projectwork/student_package/task wacv/check_b_gaussian_blur_severity_images/severity_1/0005_0755_sev1_k5_sigma1.png
5,0755.png,/data/projectwork/swati_mam/HR_DATA/HR-calibration/DIV2K/0755.png,2,9,2.0,2811.9375,/home/projectwork/student_package/task wacv/check_b_gaussian_blur_severity_images/severity_2/0005_0755_sev2_k9_sigma2.png
5,0755.png,/data/projectwork/swati_mam/HR_DATA/HR-calibration/DIV2K/0755.png,3,15,4.0,2818.321044921875,/home/projectwork/student_package/task wacv/check_b_gaussian_blur_severity_images/severity_3/0005_0755_sev3_k15_sigma4.png
5,0755.png,/data/projectwork/swati_mam/HR_DATA/HR-calibration/DIV2K/0755.png,4,21,8.0,2820.10302734375,/home/projectwork/student_package/task wacv/check_b_gaussian_blur_severity_images/severity_4/0005_0755_sev4_k21_sigma8.png
6,0756.png,/data/projectwork/swati_mam/HR_DATA/HR-calibration/DIV2K/0756.png,0,0,0.0,2806.823486328125,/home/projectwork/student_package/task wacv/check_b_gaussian_blur_severity_images/severity_0/0006_0756_sev0_k0_sigma0.png
6,0756.png,/data/projectwork/swati_mam/HR_DATA/HR-calibration/DIV2K/0756.png,1,5,1.0,2806.0712890625,/home/projectwork/student_package/task wacv/check_b_gaussian_blur_severity_images/severity_1/0006_0756_sev1_k5_sigma1.png
6,0756.png,/data/projectwork/swati_mam/HR_DATA/HR-calibration/DIV2K/0756.png,2,9,2.0,2810.1962890625,/home/projectwork/student_package/task wacv/check_b_gaussian_blur_severity_images/severity_2/0006_0756_sev2_k9_sigma2.png
6,0756.png,/data/projectwork/swati_mam/HR_DATA/HR-calibration/DIV2K/0756.png,3,15,4.0,2814.660888671875,/home/projectwork/student_package/task wacv/check_b_gaussian_blur_severity_images/severity_3/0006_0756_sev3_k15_sigma4.png
6,0756.png,/data/projectwork/swati_mam/HR_DATA/HR-calibration/DIV2K/0756.png,4,21,8.0,2815.671875,/home/projectwork/student_package/task wacv/check_b_gaussian_blur_severity_images/severity_4/0006_0756_sev4_k21_sigma8.png
7,0757.png,/data/projectwork/swati_mam/HR_DATA/HR-calibration/DIV2K/0757.png,0,0,0.0,2798.050048828125,/home/projectwork/student_package/task wacv/check_b_gaussian_blur_severity_images/severity_0/0007_0757_sev0_k0_sigma0.png
7,0757.png,/data/projectwork/swati_mam/HR_DATA/HR-calibration/DIV2K/0757.png,1,5,1.0,2799.13916015625,/home/projectwork/student_package/task wacv/check_b_gaussian_blur_severity_images/severity_1/0007_0757_sev1_k5_sigma1.png
7,0757.png,/data/projectwork/swati_mam/HR_DATA/HR-calibration/DIV2K/0757.png,2,9,2.0,2807.6962890625,/home/projectwork/student_package/task wacv/check_b_gaussian_blur_severity_images/severity_2/0007_0757_sev2_k9_sigma2.png
7,0757.png,/data/projectwork/swati_mam/HR_DATA/HR-calibration/DIV2K/0757.png,3,15,4.0,2819.060546875,/home/projectwork/student_package/task wacv/check_b_gaussian_blur_severity_images/severity_3/0007_0757_sev3_k15_sigma4.png
7,0757.png,/data/projectwork/swati_mam/HR_DATA/HR-calibration/DIV2K/0757.png,4,21,8.0,2821.822509765625,/home/projectwork/student_package/task wacv/check_b_gaussian_blur_severity_images/severity_4/0007_0757_sev4_k21_sigma8.png
8,0758.png,/data/projectwork/swati_mam/HR_DATA/HR-calibration/DIV2K/0758.png,0,0,0.0,2801.464599609375,/home/projectwork/student_package/task wacv/check_b_gaussian_blur_severity_images/severity_0/0008_0758_sev0_k0_sigma0.png
8,0758.png,/data/projectwork/swati_mam/HR_DATA/HR-calibration/DIV2K/0758.png,1,5,1.0,2796.02099609375,/home/projectwork/student_package/task wacv/check_b_gaussian_blur_severity_images/severity_1/0008_0758_sev1_k5_sigma1.png
8,0758.png,/data/projectwork/swati_mam/HR_DATA/HR-calibration/DIV2K/0758.png,2,9,2.0,2803.11962890625,/home/projectwork/student_package/task wacv/check_b_gaussian_blur_severity_images/severity_2/0008_0758_sev2_k9_sigma2.png
8,0758.png,/data/projectwork/swati_mam/HR_DATA/HR-calibration/DIV2K/0758.png,3,15,4.0,2818.62939453125,/home/projectwork/student_package/task wacv/check_b_gaussian_blur_severity_images/severity_3/0008_0758_sev3_k15_sigma4.png
8,0758.png,/data/projectwork/swati_mam/HR_DATA/HR-calibration/DIV2K/0758.png,4,21,8.0,2820.836181640625,/home/projectwork/student_package/task wacv/check_b_gaussian_blur_severity_images/severity_4/0008_0758_sev4_k21_sigma8.png
9,0759.png,/data/projectwork/swati_mam/HR_DATA/HR-calibration/DIV2K/0759.png,0,0,0.0,2806.316162109375,/home/projectwork/student_package/task wacv/check_b_gaussian_blur_severity_images/severity_0/0009_0759_sev0_k0_sigma0.png
9,0759.png,/data/projectwork/swati_mam/HR_DATA/HR-calibration/DIV2K/0759.png,1,5,1.0,2805.5615234375,/home/projectwork/student_package/task wacv/check_b_gaussian_blur_severity_images/severity_1/0009_0759_sev1_k5_sigma1.png
9,0759.png,/data/projectwork/swati_mam/HR_DATA/HR-calibration/DIV2K/0759.png,2,9,2.0,2810.193115234375,/home/projectwork/student_package/task wacv/check_b_gaussian_blur_severity_images/severity_2/0009_0759_sev2_k9_sigma2.png
9,0759.png,/data/projectwork/swati_mam/HR_DATA/HR-calibration/DIV2K/0759.png,3,15,4.0,2817.599609375,/home/projectwork/student_package/task wacv/check_b_gaussian_blur_severity_images/severity_3/0009_0759_sev3_k15_sigma4.png
9,0759.png,/data/projectwork/swati_mam/HR_DATA/HR-calibration/DIV2K/0759.png,4,21,8.0,2819.873046875,/home/projectwork/student_package/task wacv/check_b_gaussian_blur_severity_images/severity_4/0009_0759_sev4_k21_sigma8.png
10,0760.png,/data/projectwork/swati_mam/HR_DATA/HR-calibration/DIV2K/0760.png,0,0,0.0,2790.411376953125,/home/projectwork/student_package/task wacv/check_b_gaussian_blur_severity_images/severity_0/0010_0760_sev0_k0_sigma0.png
10,0760.png,/data/projectwork/swati_mam/HR_DATA/HR-calibration/DIV2K/0760.png,1,5,1.0,2789.256103515625,/home/projectwork/student_package/task wacv/check_b_gaussian_blur_severity_images/severity_1/0010_0760_sev1_k5_sigma1.png
10,0760.png,/data/projectwork/swati_mam/HR_DATA/HR-calibration/DIV2K/0760.png,2,9,2.0,2799.225830078125,/home/projectwork/student_package/task wacv/check_b_gaussian_blur_severity_images/severity_2/0010_0760_sev2_k9_sigma2.png
10,0760.png,/data/projectwork/swati_mam/HR_DATA/HR-calibration/DIV2K/0760.png,3,15,4.0,2816.64599609375,/home/projectwork/student_package/task wacv/check_b_gaussian_blur_severity_images/severity_3/0010_0760_sev3_k15_sigma4.png
10,0760.png,/data/projectwork/swati_mam/HR_DATA/HR-calibration/DIV2K/0760.png,4,21,8.0,2822.218017578125,/home/projectwork/student_package/task wacv/check_b_gaussian_blur_severity_images/severity_4/0010_0760_sev4_k21_sigma8.png
11,0761.png,/data/projectwork/swati_mam/HR_DATA/HR-calibration/DIV2K/0761.png,0,0,0.0,2802.0341796875,/home/projectwork/student_package/task wacv/check_b_gaussian_blur_severity_images/severity_0/0011_0761_sev0_k0_sigma0.png
11,0761.png,/data/projectwork/swati_mam/HR_DATA/HR-calibration/DIV2K/0761.png,1,5,1.0,2801.1865234375,/home/projectwork/student_package/task wacv/check_b_gaussian_blur_severity_images/severity_1/0011_0761_sev1_k5_sigma1.png
11,0761.png,/data/projectwork/swati_mam/HR_DATA/HR-calibration/DIV2K/0761.png,2,9,2.0,2806.5908203125,/home/projectwork/student_package/task wacv/check_b_gaussian_blur_severity_images/severity_2/0011_0761_sev2_k9_sigma2.png
11,0761.png,/data/projectwork/swati_mam/HR_DATA/HR-calibration/DIV2K/0761.png,3,15,4.0,2815.825439453125,/home/projectwork/student_package/task wacv/check_b_gaussian_blur_severity_images/severity_3/0011_0761_sev3_k15_sigma4.png
11,0761.png,/data/projectwork/swati_mam/HR_DATA/HR-calibration/DIV2K/0761.png,4,21,8.0,2819.575439453125,/home/projectwork/student_package/task wacv/check_b_gaussian_blur_severity_images/severity_4/0011_0761_sev4_k21_sigma8.png
12,0762.png,/data/projectwork/swati_mam/HR_DATA/HR-calibration/DIV2K/0762.png,0,0,0.0,2808.861572265625,/home/projectwork/student_package/task wacv/check_b_gaussian_blur_severity_images/severity_0/0012_0762_sev0_k0_sigma0.png
12,0762.png,/data/projectwork/swati_mam/HR_DATA/HR-calibration/DIV2K/0762.png,1,5,1.0,2808.53271484375,/home/projectwork/student_package/task wacv/check_b_gaussian_blur_severity_images/severity_1/0012_0762_sev1_k5_sigma1.png
12,0762.png,/data/projectwork/swati_mam/HR_DATA/HR-calibration/DIV2K/0762.png,2,9,2.0,2817.614501953125,/home/projectwork/student_package/task wacv/check_b_gaussian_blur_severity_images/severity_2/0012_0762_sev2_k9_sigma2.png
12,0762.png,/data/projectwork/swati_mam/HR_DATA/HR-calibration/DIV2K/0762.png,3,15,4.0,2825.416748046875,/home/projectwork/student_package/task wacv/check_b_gaussian_blur_severity_images/severity_3/0012_0762_sev3_k15_sigma4.png
12,0762.png,/data/projectwork/swati_mam/HR_DATA/HR-calibration/DIV2K/0762.png,4,21,8.0,2825.5849609375,/home/projectwork/student_package/task wacv/check_b_gaussian_blur_severity_images/severity_4/0012_0762_sev4_k21_sigma8.png
13,0763.png,/data/projectwork/swati_mam/HR_DATA/HR-calibration/DIV2K/0763.png,0,0,0.0,2809.13232421875,/home/projectwork/student_package/task wacv/check_b_gaussian_blur_severity_images/severity_0/0013_0763_sev0_k0_sigma0.png
13,0763.png,/data/projectwork/swati_mam/HR_DATA/HR-calibration/DIV2K/0763.png,1,5,1.0,2810.392578125,/home/projectwork/student_package/task wacv/check_b_gaussian_blur_severity_images/severity_1/0013_0763_sev1_k5_sigma1.png
13,0763.png,/data/projectwork/swati_mam/HR_DATA/HR-calibration/DIV2K/0763.png,2,9,2.0,2814.96484375,/home/projectwork/student_package/task wacv/check_b_gaussian_blur_severity_images/severity_2/0013_0763_sev2_k9_sigma2.png
13,0763.png,/data/projectwork/swati_mam/HR_DATA/HR-calibration/DIV2K/0763.png,3,15,4.0,2821.967041015625,/home/projectwork/student_package/task wacv/check_b_gaussian_blur_severity_images/severity_3/0013_0763_sev3_k15_sigma4.png
13,0763.png,/data/projectwork/swati_mam/HR_DATA/HR-calibration/DIV2K/0763.png,4,21,8.0,2825.722412109375,/home/projectwork/student_package/task wacv/check_b_gaussian_blur_severity_images/severity_4/0013_0763_sev4_k21_sigma8.png
14,0764.png,/data/projectwork/swati_mam/HR_DATA/HR-calibration/DIV2K/0764.png,0,0,0.0,2811.87255859375,/home/projectwork/student_package/task wacv/check_b_gaussian_blur_severity_images/severity_0/0014_0764_sev0_k0_sigma0.png
14,0764.png,/data/projectwork/swati_mam/HR_DATA/HR-calibration/DIV2K/0764.png,1,5,1.0,2813.07763671875,/home/projectwork/student_package/task wacv/check_b_gaussian_blur_severity_images/severity_1/0014_0764_sev1_k5_sigma1.png
14,0764.png,/data/projectwork/swati_mam/HR_DATA/HR-calibration/DIV2K/0764.png,2,9,2.0,2815.9794921875,/home/projectwork/student_package/task wacv/check_b_gaussian_blur_severity_images/severity_2/0014_0764_sev2_k9_sigma2.png
14,0764.png,/data/projectwork/swati_mam/HR_DATA/HR-calibration/DIV2K/0764.png,3,15,4.0,2819.322265625,/home/projectwork/student_package/task wacv/check_b_gaussian_blur_severity_images/severity_3/0014_0764_sev3_k15_sigma4.png
14,0764.png,/data/projectwork/swati_mam/HR_DATA/HR-calibration/DIV2K/0764.png,4,21,8.0,2820.413818359375,/home/projectwork/student_package/task wacv/check_b_gaussian_blur_severity_images/severity_4/0014_0764_sev4_k21_sigma8.png
15,0765.png,/data/projectwork/swati_mam/HR_DATA/HR-calibration/DIV2K/0765.png,0,0,0.0,2794.729736328125,/home/projectwork/student_package/task wacv/check_b_gaussian_blur_severity_images/severity_0/0015_0765_sev0_k0_sigma0.png
15,0765.png,/data/projectwork/swati_mam/HR_DATA/HR-calibration/DIV2K/0765.png,1,5,1.0,2797.948974609375,/home/projectwork/student_package/task wacv/check_b_gaussian_blur_severity_images/severity_1/0015_0765_sev1_k5_sigma1.png
15,0765.png,/data/projectwork/swati_mam/HR_DATA/HR-calibration/DIV2K/0765.png,2,9,2.0,2804.037353515625,/home/projectwork/student_package/task wacv/check_b_gaussian_blur_severity_images/severity_2/0015_0765_sev2_k9_sigma2.png
15,0765.png,/data/projectwork/swati_mam/HR_DATA/HR-calibration/DIV2K/0765.png,3,15,4.0,2812.7529296875,/home/projectwork/student_package/task wacv/check_b_gaussian_blur_severity_images/severity_3/0015_0765_sev3_k15_sigma4.png
15,0765.png,/data/projectwork/swati_mam/HR_DATA/HR-calibration/DIV2K/0765.png,4,21,8.0,2818.88818359375,/home/projectwork/student_package/task wacv/check_b_gaussian_blur_severity_images/severity_4/0015_0765_sev4_k21_sigma8.png
16,0766.png,/data/projectwork/swati_mam/HR_DATA/HR-calibration/DIV2K/0766.png,0,0,0.0,2812.158935546875,/home/projectwork/student_package/task wacv/check_b_gaussian_blur_severity_images/severity_0/0016_0766_sev0_k0_sigma0.png
16,0766.png,/data/projectwork/swati_mam/HR_DATA/HR-calibration/DIV2K/0766.png,1,5,1.0,2804.074951171875,/home/projectwork/student_package/task wacv/check_b_gaussian_blur_severity_images/severity_1/0016_0766_sev1_k5_sigma1.png
16,0766.png,/data/projectwork/swati_mam/HR_DATA/HR-calibration/DIV2K/0766.png,2,9,2.0,2811.645751953125,/home/projectwork/student_package/task wacv/check_b_gaussian_blur_severity_images/severity_2/0016_0766_sev2_k9_sigma2.png
16,0766.png,/data/projectwork/swati_mam/HR_DATA/HR-calibration/DIV2K/0766.png,3,15,4.0,2823.94091796875,/home/projectwork/student_package/task wacv/check_b_gaussian_blur_severity_images/severity_3/0016_0766_sev3_k15_sigma4.png
16,0766.png,/data/projectwork/swati_mam/HR_DATA/HR-calibration/DIV2K/0766.png,4,21,8.0,2828.212158203125,/home/projectwork/student_package/task wacv/check_b_gaussian_blur_severity_images/severity_4/0016_0766_sev4_k21_sigma8.png
17,0767.png,/data/projectwork/swati_mam/HR_DATA/HR-calibration/DIV2K/0767.png,0,0,0.0,2818.6767578125,/home/projectwork/student_package/task wacv/check_b_gaussian_blur_severity_images/severity_0/0017_0767_sev0_k0_sigma0.png
17,0767.png,/data/projectwork/swati_mam/HR_DATA/HR-calibration/DIV2K/0767.png,1,5,1.0,2819.701904296875,/home/projectwork/student_package/task wacv/check_b_gaussian_blur_severity_images/severity_1/0017_0767_sev1_k5_sigma1.png
17,0767.png,/data/projectwork/swati_mam/HR_DATA/HR-calibration/DIV2K/0767.png,2,9,2.0,2823.4912109375,/home/projectwork/student_package/task wacv/check_b_gaussian_blur_severity_images/severity_2/0017_0767_sev2_k9_sigma2.png
17,0767.png,/data/projectwork/swati_mam/HR_DATA/HR-calibration/DIV2K/0767.png,3,15,4.0,2827.52294921875,/home/projectwork/student_package/task wacv/check_b_gaussian_blur_severity_images/severity_3/0017_0767_sev3_k15_sigma4.png
17,0767.png,/data/projectwork/swati_mam/HR_DATA/HR-calibration/DIV2K/0767.png,4,21,8.0,2828.937744140625,/home/projectwork/student_package/task wacv/check_b_gaussian_blur_severity_images/severity_4/0017_0767_sev4_k21_sigma8.png
18,0768.png,/data/projectwork/swati_mam/HR_DATA/HR-calibration/DIV2K/0768.png,0,0,0.0,2815.143798828125,/home/projectwork/student_package/task wacv/check_b_gaussian_blur_severity_images/severity_0/0018_0768_sev0_k0_sigma0.png
18,0768.png,/data/projectwork/swati_mam/HR_DATA/HR-calibration/DIV2K/0768.png,1,5,1.0,2815.697265625,/home/projectwork/student_package/task wacv/check_b_gaussian_blur_severity_images/severity_1/0018_0768_sev1_k5_sigma1.png
18,0768.png,/data/projectwork/swati_mam/HR_DATA/HR-calibration/DIV2K/0768.png,2,9,2.0,2818.3388671875,/home/projectwork/student_package/task wacv/check_b_gaussian_blur_severity_images/severity_2/0018_0768_sev2_k9_sigma2.png
18,0768.png,/data/projectwork/swati_mam/HR_DATA/HR-calibration/DIV2K/0768.png,3,15,4.0,2820.723876953125,/home/projectwork/student_package/task wacv/check_b_gaussian_blur_severity_images/severity_3/0018_0768_sev3_k15_sigma4.png
18,0768.png,/data/projectwork/swati_mam/HR_DATA/HR-calibration/DIV2K/0768.png,4,21,8.0,2821.334716796875,/home/projectwork/student_package/task wacv/check_b_gaussian_blur_severity_images/severity_4/0018_0768_sev4_k21_sigma8.png
19,0769.png,/data/projectwork/swati_mam/HR_DATA/HR-calibration/DIV2K/0769.png,0,0,0.0,2803.65234375,/home/projectwork/student_package/task wacv/check_b_gaussian_blur_severity_images/severity_0/0019_0769_sev0_k0_sigma0.png
19,0769.png,/data/projectwork/swati_mam/HR_DATA/HR-calibration/DIV2K/0769.png,1,5,1.0,2795.875,/home/projectwork/student_package/task wacv/check_b_gaussian_blur_severity_images/severity_1/0019_0769_sev1_k5_sigma1.png
19,0769.png,/data/projectwork/swati_mam/HR_DATA/HR-calibration/DIV2K/0769.png,2,9,2.0,2810.279052734375,/home/projectwork/student_package/task wacv/check_b_gaussian_blur_severity_images/severity_2/0019_0769_sev2_k9_sigma2.png
19,0769.png,/data/projectwork/swati_mam/HR_DATA/HR-calibration/DIV2K/0769.png,3,15,4.0,2825.21533203125,/home/projectwork/student_package/task wacv/check_b_gaussian_blur_severity_images/severity_3/0019_0769_sev3_k15_sigma4.png
19,0769.png,/data/projectwork/swati_mam/HR_DATA/HR-calibration/DIV2K/0769.png,4,21,8.0,2831.63671875,/home/projectwork/student_package/task wacv/check_b_gaussian_blur_severity_images/severity_4/0019_0769_sev4_k21_sigma8.png
20,0770.png,/data/projectwork/swati_mam/HR_DATA/HR-calibration/DIV2K/0770.png,0,0,0.0,2792.728759765625,/home/projectwork/student_package/task wacv/check_b_gaussian_blur_severity_images/severity_0/0020_0770_sev0_k0_sigma0.png
20,0770.png,/data/projectwork/swati_mam/HR_DATA/HR-calibration/DIV2K/0770.png,1,5,1.0,2790.5068359375,/home/projectwork/student_package/task wacv/check_b_gaussian_blur_severity_images/severity_1/0020_0770_sev1_k5_sigma1.png
20,0770.png,/data/projectwork/swati_mam/HR_DATA/HR-calibration/DIV2K/0770.png,2,9,2.0,2801.17236328125,/home/projectwork/student_package/task wacv/check_b_gaussian_blur_severity_images/severity_2/0020_0770_sev2_k9_sigma2.png
20,0770.png,/data/projectwork/swati_mam/HR_DATA/HR-calibration/DIV2K/0770.png,3,15,4.0,2813.669677734375,/home/projectwork/student_package/task wacv/check_b_gaussian_blur_severity_images/severity_3/0020_0770_sev3_k15_sigma4.png
20,0770.png,/data/projectwork/swati_mam/HR_DATA/HR-calibration/DIV2K/0770.png,4,21,8.0,2818.943603515625,/home/projectwork/student_package/task wacv/check_b_gaussian_blur_severity_images/severity_4/0020_0770_sev4_k21_sigma8.png
21,0771.png,/data/projectwork/swati_mam/HR_DATA/HR-calibration/DIV2K/0771.png,0,0,0.0,2817.63818359375,/home/projectwork/student_package/task wacv/check_b_gaussian_blur_severity_images/severity_0/0021_0771_sev0_k0_sigma0.png
21,0771.png,/data/projectwork/swati_mam/HR_DATA/HR-calibration/DIV2K/0771.png,1,5,1.0,2818.763427734375,/home/projectwork/student_package/task wacv/check_b_gaussian_blur_severity_images/severity_1/0021_0771_sev1_k5_sigma1.png
21,0771.png,/data/projectwork/swati_mam/HR_DATA/HR-calibration/DIV2K/0771.png,2,9,2.0,2822.99365234375,/home/projectwork/student_package/task wacv/check_b_gaussian_blur_severity_images/severity_2/0021_0771_sev2_k9_sigma2.png
21,0771.png,/data/projectwork/swati_mam/HR_DATA/HR-calibration/DIV2K/0771.png,3,15,4.0,2825.79931640625,/home/projectwork/student_package/task wacv/check_b_gaussian_blur_severity_images/severity_3/0021_0771_sev3_k15_sigma4.png
21,0771.png,/data/projectwork/swati_mam/HR_DATA/HR-calibration/DIV2K/0771.png,4,21,8.0,2826.017578125,/home/projectwork/student_package/task wacv/check_b_gaussian_blur_severity_images/severity_4/0021_0771_sev4_k21_sigma8.png
22,0772.png,/data/projectwork/swati_mam/HR_DATA/HR-calibration/DIV2K/0772.png,0,0,0.0,2790.37890625,/home/projectwork/student_package/task wacv/check_b_gaussian_blur_severity_images/severity_0/0022_0772_sev0_k0_sigma0.png
22,0772.png,/data/projectwork/swati_mam/HR_DATA/HR-calibration/DIV2K/0772.png,1,5,1.0,2788.151611328125,/home/projectwork/student_package/task wacv/check_b_gaussian_blur_severity_images/severity_1/0022_0772_sev1_k5_sigma1.png
22,0772.png,/data/projectwork/swati_mam/HR_DATA/HR-calibration/DIV2K/0772.png,2,9,2.0,2796.590576171875,/home/projectwork/student_package/task wacv/check_b_gaussian_blur_severity_images/severity_2/0022_0772_sev2_k9_sigma2.png
22,0772.png,/data/projectwork/swati_mam/HR_DATA/HR-calibration/DIV2K/0772.png,3,15,4.0,2812.89892578125,/home/projectwork/student_package/task wacv/check_b_gaussian_blur_severity_images/severity_3/0022_0772_sev3_k15_sigma4.png
22,0772.png,/data/projectwork/swati_mam/HR_DATA/HR-calibration/DIV2K/0772.png,4,21,8.0,2819.967041015625,/home/projectwork/student_package/task wacv/check_b_gaussian_blur_severity_images/severity_4/0022_0772_sev4_k21_sigma8.png
23,0773.png,/data/projectwork/swati_mam/HR_DATA/HR-calibration/DIV2K/0773.png,0,0,0.0,2795.308837890625,/home/projectwork/student_package/task wacv/check_b_gaussian_blur_severity_images/severity_0/0023_0773_sev0_k0_sigma0.png
23,0773.png,/data/projectwork/swati_mam/HR_DATA/HR-calibration/DIV2K/0773.png,1,5,1.0,2797.64892578125,/home/projectwork/student_package/task wacv/check_b_gaussian_blur_severity_images/severity_1/0023_0773_sev1_k5_sigma1.png
23,0773.png,/data/projectwork/swati_mam/HR_DATA/HR-calibration/DIV2K/0773.png,2,9,2.0,2804.720947265625,/home/projectwork/student_package/task wacv/check_b_gaussian_blur_severity_images/severity_2/0023_0773_sev2_k9_sigma2.png
23,0773.png,/data/projectwork/swati_mam/HR_DATA/HR-calibration/DIV2K/0773.png,3,15,4.0,2814.09375,/home/projectwork/student_package/task wacv/check_b_gaussian_blur_severity_images/severity_3/0023_0773_sev3_k15_sigma4.png
23,0773.png,/data/projectwork/swati_mam/HR_DATA/HR-calibration/DIV2K/0773.png,4,21,8.0,2821.50146484375,/home/projectwork/student_package/task wacv/check_b_gaussian_blur_severity_images/severity_4/0023_0773_sev4_k21_sigma8.png
24,0774.png,/data/projectwork/swati_mam/HR_DATA/HR-calibration/DIV2K/0774.png,0,0,0.0,2807.282470703125,/home/projectwork/student_package/task wacv/check_b_gaussian_blur_severity_images/severity_0/0024_0774_sev0_k0_sigma0.png
24,0774.png,/data/projectwork/swati_mam/HR_DATA/HR-calibration/DIV2K/0774.png,1,5,1.0,2810.041748046875,/home/projectwork/student_package/task wacv/check_b_gaussian_blur_severity_images/severity_1/0024_0774_sev1_k5_sigma1.png
24,0774.png,/data/projectwork/swati_mam/HR_DATA/HR-calibration/DIV2K/0774.png,2,9,2.0,2815.448974609375,/home/projectwork/student_package/task wacv/check_b_gaussian_blur_severity_images/severity_2/0024_0774_sev2_k9_sigma2.png
24,0774.png,/data/projectwork/swati_mam/HR_DATA/HR-calibration/DIV2K/0774.png,3,15,4.0,2819.843994140625,/home/projectwork/student_package/task wacv/check_b_gaussian_blur_severity_images/severity_3/0024_0774_sev3_k15_sigma4.png
24,0774.png,/data/projectwork/swati_mam/HR_DATA/HR-calibration/DIV2K/0774.png,4,21,8.0,2821.404296875,/home/projectwork/student_package/task wacv/check_b_gaussian_blur_severity_images/severity_4/0024_0774_sev4_k21_sigma8.png
25,0775.png,/data/projectwork/swati_mam/HR_DATA/HR-calibration/DIV2K/0775.png,0,0,0.0,2806.368408203125,/home/projectwork/student_package/task wacv/check_b_gaussian_blur_severity_images/severity_0/0025_0775_sev0_k0_sigma0.png
25,0775.png,/data/projectwork/swati_mam/HR_DATA/HR-calibration/DIV2K/0775.png,1,5,1.0,2804.798583984375,/home/projectwork/student_package/task wacv/check_b_gaussian_blur_severity_images/severity_1/0025_0775_sev1_k5_sigma1.png
25,0775.png,/data/projectwork/swati_mam/HR_DATA/HR-calibration/DIV2K/0775.png,2,9,2.0,2811.33447265625,/home/projectwork/student_package/task wacv/check_b_gaussian_blur_severity_images/severity_2/0025_0775_sev2_k9_sigma2.png
25,0775.png,/data/projectwork/swati_mam/HR_DATA/HR-calibration/DIV2K/0775.png,3,15,4.0,2820.399658203125,/home/projectwork/student_package/task wacv/check_b_gaussian_blur_severity_images/severity_3/0025_0775_sev3_k15_sigma4.png
25,0775.png,/data/projectwork/swati_mam/HR_DATA/HR-calibration/DIV2K/0775.png,4,21,8.0,2822.4560546875,/home/projectwork/student_package/task wacv/check_b_gaussian_blur_severity_images/severity_4/0025_0775_sev4_k21_sigma8.png
26,0776.png,/data/projectwork/swati_mam/HR_DATA/HR-calibration/DIV2K/0776.png,0,0,0.0,2801.196044921875,/home/projectwork/student_package/task wacv/check_b_gaussian_blur_severity_images/severity_0/0026_0776_sev0_k0_sigma0.png
26,0776.png,/data/projectwork/swati_mam/HR_DATA/HR-calibration/DIV2K/0776.png,1,5,1.0,2801.456787109375,/home/projectwork/student_package/task wacv/check_b_gaussian_blur_severity_images/severity_1/0026_0776_sev1_k5_sigma1.png
26,0776.png,/data/projectwork/swati_mam/HR_DATA/HR-calibration/DIV2K/0776.png,2,9,2.0,2808.6689453125,/home/projectwork/student_package/task wacv/check_b_gaussian_blur_severity_images/severity_2/0026_0776_sev2_k9_sigma2.png
26,0776.png,/data/projectwork/swati_mam/HR_DATA/HR-calibration/DIV2K/0776.png,3,15,4.0,2820.149658203125,/home/projectwork/student_package/task wacv/check_b_gaussian_blur_severity_images/severity_3/0026_0776_sev3_k15_sigma4.png
26,0776.png,/data/projectwork/swati_mam/HR_DATA/HR-calibration/DIV2K/0776.png,4,21,8.0,2824.868408203125,/home/projectwork/student_package/task wacv/check_b_gaussian_blur_severity_images/severity_4/0026_0776_sev4_k21_sigma8.png
27,0777.png,/data/projectwork/swati_mam/HR_DATA/HR-calibration/DIV2K/0777.png,0,0,0.0,2819.734375,/home/projectwork/student_package/task wacv/check_b_gaussian_blur_severity_images/severity_0/0027_0777_sev0_k0_sigma0.png
27,0777.png,/data/projectwork/swati_mam/HR_DATA/HR-calibration/DIV2K/0777.png,1,5,1.0,2820.568115234375,/home/projectwork/student_package/task wacv/check_b_gaussian_blur_severity_images/severity_1/0027_0777_sev1_k5_sigma1.png
27,0777.png,/data/projectwork/swati_mam/HR_DATA/HR-calibration/DIV2K/0777.png,2,9,2.0,2823.302490234375,/home/projectwork/student_package/task wacv/check_b_gaussian_blur_severity_images/severity_2/0027_0777_sev2_k9_sigma2.png
27,0777.png,/data/projectwork/swati_mam/HR_DATA/HR-calibration/DIV2K/0777.png,3,15,4.0,2826.893798828125,/home/projectwork/student_package/task wacv/check_b_gaussian_blur_severity_images/severity_3/0027_0777_sev3_k15_sigma4.png
27,0777.png,/data/projectwork/swati_mam/HR_DATA/HR-calibration/DIV2K/0777.png,4,21,8.0,2827.6181640625,/home/projectwork/student_package/task wacv/check_b_gaussian_blur_severity_images/severity_4/0027_0777_sev4_k21_sigma8.png
28,0778.png,/data/projectwork/swati_mam/HR_DATA/HR-calibration/DIV2K/0778.png,0,0,0.0,2802.044189453125,/home/projectwork/student_package/task wacv/check_b_gaussian_blur_severity_images/severity_0/0028_0778_sev0_k0_sigma0.png
28,0778.png,/data/projectwork/swati_mam/HR_DATA/HR-calibration/DIV2K/0778.png,1,5,1.0,2801.964599609375,/home/projectwork/student_package/task wacv/check_b_gaussian_blur_severity_images/severity_1/0028_0778_sev1_k5_sigma1.png
28,0778.png,/data/projectwork/swati_mam/HR_DATA/HR-calibration/DIV2K/0778.png,2,9,2.0,2809.330078125,/home/projectwork/student_package/task wacv/check_b_gaussian_blur_severity_images/severity_2/0028_0778_sev2_k9_sigma2.png
28,0778.png,/data/projectwork/swati_mam/HR_DATA/HR-calibration/DIV2K/0778.png,3,15,4.0,2819.547119140625,/home/projectwork/student_package/task wacv/check_b_gaussian_blur_severity_images/severity_3/0028_0778_sev3_k15_sigma4.png
28,0778.png,/data/projectwork/swati_mam/HR_DATA/HR-calibration/DIV2K/0778.png,4,21,8.0,2821.534912109375,/home/projectwork/student_package/task wacv/check_b_gaussian_blur_severity_images/severity_4/0028_0778_sev4_k21_sigma8.png
29,0779.png,/data/projectwork/swati_mam/HR_DATA/HR-calibration/DIV2K/0779.png,0,0,0.0,2793.509765625,/home/projectwork/student_package/task wacv/check_b_gaussian_blur_severity_images/severity_0/0029_0779_sev0_k0_sigma0.png
29,0779.png,/data/projectwork/swati_mam/HR_DATA/HR-calibration/DIV2K/0779.png,1,5,1.0,2789.8271484375,/home/projectwork/student_package/task wacv/check_b_gaussian_blur_severity_images/severity_1/0029_0779_sev1_k5_sigma1.png
29,0779.png,/data/projectwork/swati_mam/HR_DATA/HR-calibration/DIV2K/0779.png,2,9,2.0,2797.163818359375,/home/projectwork/student_package/task wacv/check_b_gaussian_blur_severity_images/severity_2/0029_0779_sev2_k9_sigma2.png
29,0779.png,/data/projectwork/swati_mam/HR_DATA/HR-calibration/DIV2K/0779.png,3,15,4.0,2812.46435546875,/home/projectwork/student_package/task wacv/check_b_gaussian_blur_severity_images/severity_3/0029_0779_sev3_k15_sigma4.png
29,0779.png,/data/projectwork/swati_mam/HR_DATA/HR-calibration/DIV2K/0779.png,4,21,8.0,2819.761474609375,/home/projectwork/student_package/task wacv/check_b_gaussian_blur_severity_images/severity_4/0029_0779_sev4_k21_sigma8.png
30,0780.png,/data/projectwork/swati_mam/HR_DATA/HR-calibration/DIV2K/0780.png,0,0,0.0,2796.9296875,/home/projectwork/student_package/task wacv/check_b_gaussian_blur_severity_images/severity_0/0030_0780_sev0_k0_sigma0.png
30,0780.png,/data/projectwork/swati_mam/HR_DATA/HR-calibration/DIV2K/0780.png,1,5,1.0,2798.9091796875,/home/projectwork/student_package/task wacv/check_b_gaussian_blur_severity_images/severity_1/0030_0780_sev1_k5_sigma1.png
30,0780.png,/data/projectwork/swati_mam/HR_DATA/HR-calibration/DIV2K/0780.png,2,9,2.0,2807.2353515625,/home/projectwork/student_package/task wacv/check_b_gaussian_blur_severity_images/severity_2/0030_0780_sev2_k9_sigma2.png
30,0780.png,/data/projectwork/swati_mam/HR_DATA/HR-calibration/DIV2K/0780.png,3,15,4.0,2818.374755859375,/home/projectwork/student_package/task wacv/check_b_gaussian_blur_severity_images/severity_3/0030_0780_sev3_k15_sigma4.png
30,0780.png,/data/projectwork/swati_mam/HR_DATA/HR-calibration/DIV2K/0780.png,4,21,8.0,2823.646484375,/home/projectwork/student_package/task wacv/check_b_gaussian_blur_severity_images/severity_4/0030_0780_sev4_k21_sigma8.png
31,0781.png,/data/projectwork/swati_mam/HR_DATA/HR-calibration/DIV2K/0781.png,0,0,0.0,2808.445556640625,/home/projectwork/student_package/task wacv/check_b_gaussian_blur_severity_images/severity_0/0031_0781_sev0_k0_sigma0.png
31,0781.png,/data/projectwork/swati_mam/HR_DATA/HR-calibration/DIV2K/0781.png,1,5,1.0,2808.17041015625,/home/projectwork/student_package/task wacv/check_b_gaussian_blur_severity_images/severity_1/0031_0781_sev1_k5_sigma1.png
31,0781.png,/data/projectwork/swati_mam/HR_DATA/HR-calibration/DIV2K/0781.png,2,9,2.0,2814.478759765625,/home/projectwork/student_package/task wacv/check_b_gaussian_blur_severity_images/severity_2/0031_0781_sev2_k9_sigma2.png
31,0781.png,/data/projectwork/swati_mam/HR_DATA/HR-calibration/DIV2K/0781.png,3,15,4.0,2822.522216796875,/home/projectwork/student_package/task wacv/check_b_gaussian_blur_severity_images/severity_3/0031_0781_sev3_k15_sigma4.png
31,0781.png,/data/projectwork/swati_mam/HR_DATA/HR-calibration/DIV2K/0781.png,4,21,8.0,2823.904296875,/home/projectwork/student_package/task wacv/check_b_gaussian_blur_severity_images/severity_4/0031_0781_sev4_k21_sigma8.png
32,0782.png,/data/projectwork/swati_mam/HR_DATA/HR-calibration/DIV2K/0782.png,0,0,0.0,2795.739013671875,/home/projectwork/student_package/task wacv/check_b_gaussian_blur_severity_images/severity_0/0032_0782_sev0_k0_sigma0.png
32,0782.png,/data/projectwork/swati_mam/HR_DATA/HR-calibration/DIV2K/0782.png,1,5,1.0,2795.066650390625,/home/projectwork/student_package/task wacv/check_b_gaussian_blur_severity_images/severity_1/0032_0782_sev1_k5_sigma1.png
32,0782.png,/data/projectwork/swati_mam/HR_DATA/HR-calibration/DIV2K/0782.png,2,9,2.0,2798.131591796875,/home/projectwork/student_package/task wacv/check_b_gaussian_blur_severity_images/severity_2/0032_0782_sev2_k9_sigma2.png
32,0782.png,/data/projectwork/swati_mam/HR_DATA/HR-calibration/DIV2K/0782.png,3,15,4.0,2812.300048828125,/home/projectwork/student_package/task wacv/check_b_gaussian_blur_severity_images/severity_3/0032_0782_sev3_k15_sigma4.png
32,0782.png,/data/projectwork/swati_mam/HR_DATA/HR-calibration/DIV2K/0782.png,4,21,8.0,2820.183349609375,/home/projectwork/student_package/task wacv/check_b_gaussian_blur_severity_images/severity_4/0032_0782_sev4_k21_sigma8.png
33,0783.png,/data/projectwork/swati_mam/HR_DATA/HR-calibration/DIV2K/0783.png,0,0,0.0,2808.1123046875,/home/projectwork/student_package/task wacv/check_b_gaussian_blur_severity_images/severity_0/0033_0783_sev0_k0_sigma0.png
33,0783.png,/data/projectwork/swati_mam/HR_DATA/HR-calibration/DIV2K/0783.png,1,5,1.0,2808.3720703125,/home/projectwork/student_package/task wacv/check_b_gaussian_blur_severity_images/severity_1/0033_0783_sev1_k5_sigma1.png
33,0783.png,/data/projectwork/swati_mam/HR_DATA/HR-calibration/DIV2K/0783.png,2,9,2.0,2811.29052734375,/home/projectwork/student_package/task wacv/check_b_gaussian_blur_severity_images/severity_2/0033_0783_sev2_k9_sigma2.png
33,0783.png,/data/projectwork/swati_mam/HR_DATA/HR-calibration/DIV2K/0783.png,3,15,4.0,2813.552490234375,/home/projectwork/student_package/task wacv/check_b_gaussian_blur_severity_images/severity_3/0033_0783_sev3_k15_sigma4.png
33,0783.png,/data/projectwork/swati_mam/HR_DATA/HR-calibration/DIV2K/0783.png,4,21,8.0,2814.26123046875,/home/projectwork/student_package/task wacv/check_b_gaussian_blur_severity_images/severity_4/0033_0783_sev4_k21_sigma8.png
34,0784.png,/data/projectwork/swati_mam/HR_DATA/HR-calibration/DIV2K/0784.png,0,0,0.0,2798.692626953125,/home/projectwork/student_package/task wacv/check_b_gaussian_blur_severity_images/severity_0/0034_0784_sev0_k0_sigma0.png
34,0784.png,/data/projectwork/swati_mam/HR_DATA/HR-calibration/DIV2K/0784.png,1,5,1.0,2798.975341796875,/home/projectwork/student_package/task wacv/check_b_gaussian_blur_severity_images/severity_1/0034_0784_sev1_k5_sigma1.png
34,0784.png,/data/projectwork/swati_mam/HR_DATA/HR-calibration/DIV2K/0784.png,2,9,2.0,2805.533447265625,/home/projectwork/student_package/task wacv/check_b_gaussian_blur_severity_images/severity_2/0034_0784_sev2_k9_sigma2.png
34,0784.png,/data/projectwork/swati_mam/HR_DATA/HR-calibration/DIV2K/0784.png,3,15,4.0,2815.748291015625,/home/projectwork/student_package/task wacv/check_b_gaussian_blur_severity_images/severity_3/0034_0784_sev3_k15_sigma4.png
34,0784.png,/data/projectwork/swati_mam/HR_DATA/HR-calibration/DIV2K/0784.png,4,21,8.0,2818.41796875,/home/projectwork/student_package/task wacv/check_b_gaussian_blur_severity_images/severity_4/0034_0784_sev4_k21_sigma8.png
35,0785.png,/data/projectwork/swati_mam/HR_DATA/HR-calibration/DIV2K/0785.png,0,0,0.0,2797.657470703125,/home/projectwork/student_package/task wacv/check_b_gaussian_blur_severity_images/severity_0/0035_0785_sev0_k0_sigma0.png
35,0785.png,/data/projectwork/swati_mam/HR_DATA/HR-calibration/DIV2K/0785.png,1,5,1.0,2794.494873046875,/home/projectwork/student_package/task wacv/check_b_gaussian_blur_severity_images/severity_1/0035_0785_sev1_k5_sigma1.png
35,0785.png,/data/projectwork/swati_mam/HR_DATA/HR-calibration/DIV2K/0785.png,2,9,2.0,2802.322509765625,/home/projectwork/student_package/task wacv/check_b_gaussian_blur_severity_images/severity_2/0035_0785_sev2_k9_sigma2.png
35,0785.png,/data/projectwork/swati_mam/HR_DATA/HR-calibration/DIV2K/0785.png,3,15,4.0,2818.693115234375,/home/projectwork/student_package/task wacv/check_b_gaussian_blur_severity_images/severity_3/0035_0785_sev3_k15_sigma4.png
35,0785.png,/data/projectwork/swati_mam/HR_DATA/HR-calibration/DIV2K/0785.png,4,21,8.0,2825.224853515625,/home/projectwork/student_package/task wacv/check_b_gaussian_blur_severity_images/severity_4/0035_0785_sev4_k21_sigma8.png
36,0786.png,/data/projectwork/swati_mam/HR_DATA/HR-calibration/DIV2K/0786.png,0,0,0.0,2801.869873046875,/home/projectwork/student_package/task wacv/check_b_gaussian_blur_severity_images/severity_0/0036_0786_sev0_k0_sigma0.png
36,0786.png,/data/projectwork/swati_mam/HR_DATA/HR-calibration/DIV2K/0786.png,1,5,1.0,2792.3994140625,/home/projectwork/student_package/task wacv/check_b_gaussian_blur_severity_images/severity_1/0036_0786_sev1_k5_sigma1.png
36,0786.png,/data/projectwork/swati_mam/HR_DATA/HR-calibration/DIV2K/0786.png,2,9,2.0,2797.5703125,/home/projectwork/student_package/task wacv/check_b_gaussian_blur_severity_images/severity_2/0036_0786_sev2_k9_sigma2.png
36,0786.png,/data/projectwork/swati_mam/HR_DATA/HR-calibration/DIV2K/0786.png,3,15,4.0,2814.21044921875,/home/projectwork/student_package/task wacv/check_b_gaussian_blur_severity_images/severity_3/0036_0786_sev3_k15_sigma4.png
36,0786.png,/data/projectwork/swati_mam/HR_DATA/HR-calibration/DIV2K/0786.png,4,21,8.0,2817.747314453125,/home/projectwork/student_package/task wacv/check_b_gaussian_blur_severity_images/severity_4/0036_0786_sev4_k21_sigma8.png
37,0787.png,/data/projectwork/swati_mam/HR_DATA/HR-calibration/DIV2K/0787.png,0,0,0.0,2799.9990234375,/home/projectwork/student_package/task wacv/check_b_gaussian_blur_severity_images/severity_0/0037_0787_sev0_k0_sigma0.png
37,0787.png,/data/projectwork/swati_mam/HR_DATA/HR-calibration/DIV2K/0787.png,1,5,1.0,2796.70166015625,/home/projectwork/student_package/task wacv/check_b_gaussian_blur_severity_images/severity_1/0037_0787_sev1_k5_sigma1.png
37,0787.png,/data/projectwork/swati_mam/HR_DATA/HR-calibration/DIV2K/0787.png,2,9,2.0,2801.985107421875,/home/projectwork/student_package/task wacv/check_b_gaussian_blur_severity_images/severity_2/0037_0787_sev2_k9_sigma2.png
37,0787.png,/data/projectwork/swati_mam/HR_DATA/HR-calibration/DIV2K/0787.png,3,15,4.0,2811.548828125,/home/projectwork/student_package/task wacv/check_b_gaussian_blur_severity_images/severity_3/0037_0787_sev3_k15_sigma4.png
37,0787.png,/data/projectwork/swati_mam/HR_DATA/HR-calibration/DIV2K/0787.png,4,21,8.0,2816.979736328125,/home/projectwork/student_package/task wacv/check_b_gaussian_blur_severity_images/severity_4/0037_0787_sev4_k21_sigma8.png
38,0788.png,/data/projectwork/swati_mam/HR_DATA/HR-calibration/DIV2K/0788.png,0,0,0.0,2801.709228515625,/home/projectwork/student_package/task wacv/check_b_gaussian_blur_severity_images/severity_0/0038_0788_sev0_k0_sigma0.png
38,0788.png,/data/projectwork/swati_mam/HR_DATA/HR-calibration/DIV2K/0788.png,1,5,1.0,2799.361572265625,/home/projectwork/student_package/task wacv/check_b_gaussian_blur_severity_images/severity_1/0038_0788_sev1_k5_sigma1.png
38,0788.png,/data/projectwork/swati_mam/HR_DATA/HR-calibration/DIV2K/0788.png,2,9,2.0,2804.359375,/home/projectwork/student_package/task wacv/check_b_gaussian_blur_severity_images/severity_2/0038_0788_sev2_k9_sigma2.png
38,0788.png,/data/projectwork/swati_mam/HR_DATA/HR-calibration/DIV2K/0788.png,3,15,4.0,2818.2333984375,/home/projectwork/student_package/task wacv/check_b_gaussian_blur_severity_images/severity_3/0038_0788_sev3_k15_sigma4.png
38,0788.png,/data/projectwork/swati_mam/HR_DATA/HR-calibration/DIV2K/0788.png,4,21,8.0,2821.13818359375,/home/projectwork/student_package/task wacv/check_b_gaussian_blur_severity_images/severity_4/0038_0788_sev4_k21_sigma8.png
39,0789.png,/data/projectwork/swati_mam/HR_DATA/HR-calibration/DIV2K/0789.png,0,0,0.0,2803.10205078125,/home/projectwork/student_package/task wacv/check_b_gaussian_blur_severity_images/severity_0/0039_0789_sev0_k0_sigma0.png
39,0789.png,/data/projectwork/swati_mam/HR_DATA/HR-calibration/DIV2K/0789.png,1,5,1.0,2803.078369140625,/home/projectwork/student_package/task wacv/check_b_gaussian_blur_severity_images/severity_1/0039_0789_sev1_k5_sigma1.png
39,0789.png,/data/projectwork/swati_mam/HR_DATA/HR-calibration/DIV2K/0789.png,2,9,2.0,2809.168212890625,/home/projectwork/student_package/task wacv/check_b_gaussian_blur_severity_images/severity_2/0039_0789_sev2_k9_sigma2.png
39,0789.png,/data/projectwork/swati_mam/HR_DATA/HR-calibration/DIV2K/0789.png,3,15,4.0,2818.0302734375,/home/projectwork/student_package/task wacv/check_b_gaussian_blur_severity_images/severity_3/0039_0789_sev3_k15_sigma4.png
39,0789.png,/data/projectwork/swati_mam/HR_DATA/HR-calibration/DIV2K/0789.png,4,21,8.0,2820.591796875,/home/projectwork/student_package/task wacv/check_b_gaussian_blur_severity_images/severity_4/0039_0789_sev4_k21_sigma8.png
40,0790.png,/data/projectwork/swati_mam/HR_DATA/HR-calibration/DIV2K/0790.png,0,0,0.0,2821.972900390625,/home/projectwork/student_package/task wacv/check_b_gaussian_blur_severity_images/severity_0/0040_0790_sev0_k0_sigma0.png
40,0790.png,/data/projectwork/swati_mam/HR_DATA/HR-calibration/DIV2K/0790.png,1,5,1.0,2823.310302734375,/home/projectwork/student_package/task wacv/check_b_gaussian_blur_severity_images/severity_1/0040_0790_sev1_k5_sigma1.png
40,0790.png,/data/projectwork/swati_mam/HR_DATA/HR-calibration/DIV2K/0790.png,2,9,2.0,2825.7705078125,/home/projectwork/student_package/task wacv/check_b_gaussian_blur_severity_images/severity_2/0040_0790_sev2_k9_sigma2.png
40,0790.png,/data/projectwork/swati_mam/HR_DATA/HR-calibration/DIV2K/0790.png,3,15,4.0,2829.302978515625,/home/projectwork/student_package/task wacv/check_b_gaussian_blur_severity_images/severity_3/0040_0790_sev3_k15_sigma4.png
40,0790.png,/data/projectwork/swati_mam/HR_DATA/HR-calibration/DIV2K/0790.png,4,21,8.0,2829.79150390625,/home/projectwork/student_package/task wacv/check_b_gaussian_blur_severity_images/severity_4/0040_0790_sev4_k21_sigma8.png
41,0791.png,/data/projectwork/swati_mam/HR_DATA/HR-calibration/DIV2K/0791.png,0,0,0.0,2807.570556640625,/home/projectwork/student_package/task wacv/check_b_gaussian_blur_severity_images/severity_0/0041_0791_sev0_k0_sigma0.png
41,0791.png,/data/projectwork/swati_mam/HR_DATA/HR-calibration/DIV2K/0791.png,1,5,1.0,2807.968017578125,/home/projectwork/student_package/task wacv/check_b_gaussian_blur_severity_images/severity_1/0041_0791_sev1_k5_sigma1.png
41,0791.png,/data/projectwork/swati_mam/HR_DATA/HR-calibration/DIV2K/0791.png,2,9,2.0,2811.143798828125,/home/projectwork/student_package/task wacv/check_b_gaussian_blur_severity_images/severity_2/0041_0791_sev2_k9_sigma2.png
41,0791.png,/data/projectwork/swati_mam/HR_DATA/HR-calibration/DIV2K/0791.png,3,15,4.0,2815.47216796875,/home/projectwork/student_package/task wacv/check_b_gaussian_blur_severity_images/severity_3/0041_0791_sev3_k15_sigma4.png
41,0791.png,/data/projectwork/swati_mam/HR_DATA/HR-calibration/DIV2K/0791.png,4,21,8.0,2817.021728515625,/home/projectwork/student_package/task wacv/check_b_gaussian_blur_severity_images/severity_4/0041_0791_sev4_k21_sigma8.png
42,0792.png,/data/projectwork/swati_mam/HR_DATA/HR-calibration/DIV2K/0792.png,0,0,0.0,2817.33251953125,/home/projectwork/student_package/task wacv/check_b_gaussian_blur_severity_images/severity_0/0042_0792_sev0_k0_sigma0.png
42,0792.png,/data/projectwork/swati_mam/HR_DATA/HR-calibration/DIV2K/0792.png,1,5,1.0,2816.4189453125,/home/projectwork/student_package/task wacv/check_b_gaussian_blur_severity_images/severity_1/0042_0792_sev1_k5_sigma1.png
42,0792.png,/data/projectwork/swati_mam/HR_DATA/HR-calibration/DIV2K/0792.png,2,9,2.0,2818.87158203125,/home/projectwork/student_package/task wacv/check_b_gaussian_blur_severity_images/severity_2/0042_0792_sev2_k9_sigma2.png
42,0792.png,/data/projectwork/swati_mam/HR_DATA/HR-calibration/DIV2K/0792.png,3,15,4.0,2824.35498046875,/home/projectwork/student_package/task wacv/check_b_gaussian_blur_severity_images/severity_3/0042_0792_sev3_k15_sigma4.png
42,0792.png,/data/projectwork/swati_mam/HR_DATA/HR-calibration/DIV2K/0792.png,4,21,8.0,2826.2578125,/home/projectwork/student_package/task wacv/check_b_gaussian_blur_severity_images/severity_4/0042_0792_sev4_k21_sigma8.png
43,0793.png,/data/projectwork/swati_mam/HR_DATA/HR-calibration/DIV2K/0793.png,0,0,0.0,2798.61328125,/home/projectwork/student_package/task wacv/check_b_gaussian_blur_severity_images/severity_0/0043_0793_sev0_k0_sigma0.png
43,0793.png,/data/projectwork/swati_mam/HR_DATA/HR-calibration/DIV2K/0793.png,1,5,1.0,2796.621826171875,/home/projectwork/student_package/task wacv/check_b_gaussian_blur_severity_images/severity_1/0043_0793_sev1_k5_sigma1.png
43,0793.png,/data/projectwork/swati_mam/HR_DATA/HR-calibration/DIV2K/0793.png,2,9,2.0,2803.829833984375,/home/projectwork/student_package/task wacv/check_b_gaussian_blur_severity_images/severity_2/0043_0793_sev2_k9_sigma2.png
43,0793.png,/data/projectwork/swati_mam/HR_DATA/HR-calibration/DIV2K/0793.png,3,15,4.0,2815.507080078125,/home/projectwork/student_package/task wacv/check_b_gaussian_blur_severity_images/severity_3/0043_0793_sev3_k15_sigma4.png
43,0793.png,/data/projectwork/swati_mam/HR_DATA/HR-calibration/DIV2K/0793.png,4,21,8.0,2820.119140625,/home/projectwork/student_package/task wacv/check_b_gaussian_blur_severity_images/severity_4/0043_0793_sev4_k21_sigma8.png
44,0794.png,/data/projectwork/swati_mam/HR_DATA/HR-calibration/DIV2K/0794.png,0,0,0.0,2796.216552734375,/home/projectwork/student_package/task wacv/check_b_gaussian_blur_severity_images/severity_0/0044_0794_sev0_k0_sigma0.png
44,0794.png,/data/projectwork/swati_mam/HR_DATA/HR-calibration/DIV2K/0794.png,1,5,1.0,2794.9052734375,/home/projectwork/student_package/task wacv/check_b_gaussian_blur_severity_images/severity_1/0044_0794_sev1_k5_sigma1.png
44,0794.png,/data/projectwork/swati_mam/HR_DATA/HR-calibration/DIV2K/0794.png,2,9,2.0,2799.151611328125,/home/projectwork/student_package/task wacv/check_b_gaussian_blur_severity_images/severity_2/0044_0794_sev2_k9_sigma2.png
44,0794.png,/data/projectwork/swati_mam/HR_DATA/HR-calibration/DIV2K/0794.png,3,15,4.0,2810.829345703125,/home/projectwork/student_package/task wacv/check_b_gaussian_blur_severity_images/severity_3/0044_0794_sev3_k15_sigma4.png
44,0794.png,/data/projectwork/swati_mam/HR_DATA/HR-calibration/DIV2K/0794.png,4,21,8.0,2815.819091796875,/home/projectwork/student_package/task wacv/check_b_gaussian_blur_severity_images/severity_4/0044_0794_sev4_k21_sigma8.png
45,0795.png,/data/projectwork/swati_mam/HR_DATA/HR-calibration/DIV2K/0795.png,0,0,0.0,2802.456298828125,/home/projectwork/student_package/task wacv/check_b_gaussian_blur_severity_images/severity_0/0045_0795_sev0_k0_sigma0.png
45,0795.png,/data/projectwork/swati_mam/HR_DATA/HR-calibration/DIV2K/0795.png,1,5,1.0,2804.805419921875,/home/projectwork/student_package/task wacv/check_b_gaussian_blur_severity_images/severity_1/0045_0795_sev1_k5_sigma1.png
45,0795.png,/data/projectwork/swati_mam/HR_DATA/HR-calibration/DIV2K/0795.png,2,9,2.0,2811.89453125,/home/projectwork/student_package/task wacv/check_b_gaussian_blur_severity_images/severity_2/0045_0795_sev2_k9_sigma2.png
45,0795.png,/data/projectwork/swati_mam/HR_DATA/HR-calibration/DIV2K/0795.png,3,15,4.0,2820.660888671875,/home/projectwork/student_package/task wacv/check_b_gaussian_blur_severity_images/severity_3/0045_0795_sev3_k15_sigma4.png
45,0795.png,/data/projectwork/swati_mam/HR_DATA/HR-calibration/DIV2K/0795.png,4,21,8.0,2822.623779296875,/home/projectwork/student_package/task wacv/check_b_gaussian_blur_severity_images/severity_4/0045_0795_sev4_k21_sigma8.png
46,0796.png,/data/projectwork/swati_mam/HR_DATA/HR-calibration/DIV2K/0796.png,0,0,0.0,2799.40576171875,/home/projectwork/student_package/task wacv/check_b_gaussian_blur_severity_images/severity_0/0046_0796_sev0_k0_sigma0.png
46,0796.png,/data/projectwork/swati_mam/HR_DATA/HR-calibration/DIV2K/0796.png,1,5,1.0,2800.0537109375,/home/projectwork/student_package/task wacv/check_b_gaussian_blur_severity_images/severity_1/0046_0796_sev1_k5_sigma1.png
46,0796.png,/data/projectwork/swati_mam/HR_DATA/HR-calibration/DIV2K/0796.png,2,9,2.0,2806.75634765625,/home/projectwork/student_package/task wacv/check_b_gaussian_blur_severity_images/severity_2/0046_0796_sev2_k9_sigma2.png
46,0796.png,/data/projectwork/swati_mam/HR_DATA/HR-calibration/DIV2K/0796.png,3,15,4.0,2818.818359375,/home/projectwork/student_package/task wacv/check_b_gaussian_blur_severity_images/severity_3/0046_0796_sev3_k15_sigma4.png
46,0796.png,/data/projectwork/swati_mam/HR_DATA/HR-calibration/DIV2K/0796.png,4,21,8.0,2824.04541015625,/home/projectwork/student_package/task wacv/check_b_gaussian_blur_severity_images/severity_4/0046_0796_sev4_k21_sigma8.png
47,0797.png,/data/projectwork/swati_mam/HR_DATA/HR-calibration/DIV2K/0797.png,0,0,0.0,2804.303466796875,/home/projectwork/student_package/task wacv/check_b_gaussian_blur_severity_images/severity_0/0047_0797_sev0_k0_sigma0.png
47,0797.png,/data/projectwork/swati_mam/HR_DATA/HR-calibration/DIV2K/0797.png,1,5,1.0,2803.595458984375,/home/projectwork/student_package/task wacv/check_b_gaussian_blur_severity_images/severity_1/0047_0797_sev1_k5_sigma1.png
47,0797.png,/data/projectwork/swati_mam/HR_DATA/HR-calibration/DIV2K/0797.png,2,9,2.0,2808.3447265625,/home/projectwork/student_package/task wacv/check_b_gaussian_blur_severity_images/severity_2/0047_0797_sev2_k9_sigma2.png
47,0797.png,/data/projectwork/swati_mam/HR_DATA/HR-calibration/DIV2K/0797.png,3,15,4.0,2812.060791015625,/home/projectwork/student_package/task wacv/check_b_gaussian_blur_severity_images/severity_3/0047_0797_sev3_k15_sigma4.png
47,0797.png,/data/projectwork/swati_mam/HR_DATA/HR-calibration/DIV2K/0797.png,4,21,8.0,2812.3857421875,/home/projectwork/student_package/task wacv/check_b_gaussian_blur_severity_images/severity_4/0047_0797_sev4_k21_sigma8.png
48,0798.png,/data/projectwork/swati_mam/HR_DATA/HR-calibration/DIV2K/0798.png,0,0,0.0,2800.203857421875,/home/projectwork/student_package/task wacv/check_b_gaussian_blur_severity_images/severity_0/0048_0798_sev0_k0_sigma0.png
48,0798.png,/data/projectwork/swati_mam/HR_DATA/HR-calibration/DIV2K/0798.png,1,5,1.0,2797.9375,/home/projectwork/student_package/task wacv/check_b_gaussian_blur_severity_images/severity_1/0048_0798_sev1_k5_sigma1.png
48,0798.png,/data/projectwork/swati_mam/HR_DATA/HR-calibration/DIV2K/0798.png,2,9,2.0,2801.91162109375,/home/projectwork/student_package/task wacv/check_b_gaussian_blur_severity_images/severity_2/0048_0798_sev2_k9_sigma2.png
48,0798.png,/data/projectwork/swati_mam/HR_DATA/HR-calibration/DIV2K/0798.png,3,15,4.0,2813.993408203125,/home/projectwork/student_package/task wacv/check_b_gaussian_blur_severity_images/severity_3/0048_0798_sev3_k15_sigma4.png
48,0798.png,/data/projectwork/swati_mam/HR_DATA/HR-calibration/DIV2K/0798.png,4,21,8.0,2820.849609375,/home/projectwork/student_package/task wacv/check_b_gaussian_blur_severity_images/severity_4/0048_0798_sev4_k21_sigma8.png
49,0799.png,/data/projectwork/swati_mam/HR_DATA/HR-calibration/DIV2K/0799.png,0,0,0.0,2806.902099609375,/home/projectwork/student_package/task wacv/check_b_gaussian_blur_severity_images/severity_0/0049_0799_sev0_k0_sigma0.png
49,0799.png,/data/projectwork/swati_mam/HR_DATA/HR-calibration/DIV2K/0799.png,1,5,1.0,2808.353759765625,/home/projectwork/student_package/task wacv/check_b_gaussian_blur_severity_images/severity_1/0049_0799_sev1_k5_sigma1.png
49,0799.png,/data/projectwork/swati_mam/HR_DATA/HR-calibration/DIV2K/0799.png,2,9,2.0,2812.59619140625,/home/projectwork/student_package/task wacv/check_b_gaussian_blur_severity_images/severity_2/0049_0799_sev2_k9_sigma2.png
49,0799.png,/data/projectwork/swati_mam/HR_DATA/HR-calibration/DIV2K/0799.png,3,15,4.0,2819.024658203125,/home/projectwork/student_package/task wacv/check_b_gaussian_blur_severity_images/severity_3/0049_0799_sev3_k15_sigma4.png
49,0799.png,/data/projectwork/swati_mam/HR_DATA/HR-calibration/DIV2K/0799.png,4,21,8.0,2822.686279296875,/home/projectwork/student_package/task wacv/check_b_gaussian_blur_severity_images/severity_4/0049_0799_sev4_k21_sigma8.png
50,0800.png,/data/projectwork/swati_mam/HR_DATA/HR-calibration/DIV2K/0800.png,0,0,0.0,2797.060546875,/home/projectwork/student_package/task wacv/check_b_gaussian_blur_severity_images/severity_0/0050_0800_sev0_k0_sigma0.png
50,0800.png,/data/projectwork/swati_mam/HR_DATA/HR-calibration/DIV2K/0800.png,1,5,1.0,2799.27734375,/home/projectwork/student_package/task wacv/check_b_gaussian_blur_severity_images/severity_1/0050_0800_sev1_k5_sigma1.png
50,0800.png,/data/projectwork/swati_mam/HR_DATA/HR-calibration/DIV2K/0800.png,2,9,2.0,2811.111328125,/home/projectwork/student_package/task wacv/check_b_gaussian_blur_severity_images/severity_2/0050_0800_sev2_k9_sigma2.png
50,0800.png,/data/projectwork/swati_mam/HR_DATA/HR-calibration/DIV2K/0800.png,3,15,4.0,2822.933837890625,/home/projectwork/student_package/task wacv/check_b_gaussian_blur_severity_images/severity_3/0050_0800_sev3_k15_sigma4.png
50,0800.png,/data/projectwork/swati_mam/HR_DATA/HR-calibration/DIV2K/0800.png,4,21,8.0,2825.6318359375,/home/projectwork/student_package/task wacv/check_b_gaussian_blur_severity_images/severity_4/0050_0800_sev4_k21_sigma8.png
