method,image_id,sr_path,hr_path,lr_path,D_WACV,NIQE,LR_content,PSNR,SSIM,LPIPS,DISTS,PSNR_original,SSIM_original,PSNR_neg,SSIM_neg
HAT,Canon_10,/data/projectwork/sr_output/HAT_inference/DReal_x4/visualization/DReal_x4/Canon_10_x1_DReal_x4.png,/home/projectwork/Deep_learning/VANSH_WORK/Internship/old/dataset/DRealSR-20231109T095957Z-004/DRealSR/Test_x4/HR/Canon_10_x4.png,/home/projectwork/Deep_learning/VANSH_WORK/Internship/old/dataset/DRealSR-20231109T095957Z-004/DRealSR/Test_x4/LR/dreal4_1.png,2810.975830078125,9.75024611653204,0.0469276569783687,-26.485064967724643,-0.8185641765594482,0.2347869873046875,0.2580640912055969,26.485064967724643,0.8185641765594482,-26.485064967724643,-0.8185641765594482
HAT,Canon_14,/data/projectwork/sr_output/HAT_inference/DReal_x4/visualization/DReal_x4/Canon_14_x1_DReal_x4.png,/home/projectwork/Deep_learning/VANSH_WORK/Internship/old/dataset/DRealSR-20231109T095957Z-004/DRealSR/Test_x4/HR/Canon_14_x4.png,/home/projectwork/Deep_learning/VANSH_WORK/Internship/old/dataset/DRealSR-20231109T095957Z-004/DRealSR/Test_x4/LR/dreal4_2.png,2822.05810546875,13.324327862506337,0.0278033427894115,-34.188612090093706,-0.930874248345693,0.1378824561834335,0.1895766258239746,34.188612090093706,0.930874248345693,-34.188612090093706,-0.930874248345693
HAT,Canon_40,/data/projectwork/sr_output/HAT_inference/DReal_x4/visualization/DReal_x4/Canon_40_x1_DReal_x4.png,/home/projectwork/Deep_learning/VANSH_WORK/Internship/old/dataset/DRealSR-20231109T095957Z-004/DRealSR/Test_x4/HR/Canon_40_x4.png,/home/projectwork/Deep_learning/VANSH_WORK/Internship/old/dataset/DRealSR-20231109T095957Z-004/DRealSR/Test_x4/LR/dreal4_3.png,2811.315185546875,6.874416806056527,0.0368840768933296,-23.017323253823463,-0.7112390001614889,0.2904415726661682,0.2387015223503112,23.017323253823463,0.7112390001614889,-23.017323253823463,-0.7112390001614889
HAT,Canon_42,/data/projectwork/sr_output/HAT_inference/DReal_x4/visualization/DReal_x4/Canon_42_x1_DReal_x4.png,/home/projectwork/Deep_learning/VANSH_WORK/Internship/old/dataset/DRealSR-20231109T095957Z-004/DRealSR/Test_x4/HR/Canon_42_x4.png,/home/projectwork/Deep_learning/VANSH_WORK/Internship/old/dataset/DRealSR-20231109T095957Z-004/DRealSR/Test_x4/LR/dreal4_4.png,2819.505615234375,11.3451681162804,0.0284728575497865,-32.53789775636258,-0.9195919434229533,0.1867189109325409,0.2496987581253051,32.53789775636258,0.9195919434229533,-32.53789775636258,-0.9195919434229533
HAT,Canon_56,/data/projectwork/sr_output/HAT_inference/DReal_x4/visualization/DReal_x4/Canon_56_x1_DReal_x4.png,/home/projectwork/Deep_learning/VANSH_WORK/Internship/old/dataset/DRealSR-20231109T095957Z-004/DRealSR/Test_x4/HR/Canon_56_x4.png,/home/projectwork/Deep_learning/VANSH_WORK/Internship/old/dataset/DRealSR-20231109T095957Z-004/DRealSR/Test_x4/LR/dreal4_5.png,2818.647216796875,16.040056647750013,0.0112780537456274,-40.810684735991,-0.9615029295285544,0.073338471353054,0.2069008946418762,40.810684735991,0.9615029295285544,-40.810684735991,-0.9615029295285544
HAT,DSC_0988,/data/projectwork/sr_output/HAT_inference/DReal_x4/visualization/DReal_x4/DSC_0988_x1_DReal_x4.png,/home/projectwork/Deep_learning/VANSH_WORK/Internship/old/dataset/DRealSR-20231109T095957Z-004/DRealSR/Test_x4/HR/DSC_0988_x4.png,/home/projectwork/Deep_learning/VANSH_WORK/Internship/old/dataset/DRealSR-20231109T095957Z-004/DRealSR/Test_x4/LR/dreal4_6.png,2832.574951171875,11.673989223713363,0.0284461770206689,-37.21785300699364,-0.954531987508138,0.0801209807395935,0.1580737829208374,37.21785300699364,0.954531987508138,-37.21785300699364,-0.954531987508138
HAT,DSC_1045,/data/projectwork/sr_output/HAT_inference/DReal_x4/visualization/DReal_x4/DSC_1045_x1_DReal_x4.png,/home/projectwork/Deep_learning/VANSH_WORK/Internship/old/dataset/DRealSR-20231109T095957Z-004/DRealSR/Test_x4/HR/DSC_1045_x4.png,/home/projectwork/Deep_learning/VANSH_WORK/Internship/old/dataset/DRealSR-20231109T095957Z-004/DRealSR/Test_x4/LR/dreal4_7.png,2809.27392578125,13.85328225674349,0.0228867288678884,-26.76125654828911,-0.8531956275304159,0.1861386150121688,0.1768860816955566,26.76125654828911,0.8531956275304159,-26.76125654828911,-0.8531956275304159
HAT,DSC_1057,/data/projectwork/sr_output/HAT_inference/DReal_x4/visualization/DReal_x4/DSC_1057_x1_DReal_x4.png,/home/projectwork/Deep_learning/VANSH_WORK/Internship/old/dataset/DRealSR-20231109T095957Z-004/DRealSR/Test_x4/HR/DSC_1057_x4.png,/home/projectwork/Deep_learning/VANSH_WORK/Internship/old/dataset/DRealSR-20231109T095957Z-004/DRealSR/Test_x4/LR/dreal4_8.png,2821.4208984375,11.084887963799863,0.0194873008877038,-32.09747216206752,-0.8817168275515238,0.1461434662342071,0.2420354485511779,32.09747216206752,0.8817168275515238,-32.09747216206752,-0.8817168275515238
HAT,DSC_1137,/data/projectwork/sr_output/HAT_inference/DReal_x4/visualization/DReal_x4/DSC_1137_x1_DReal_x4.png,/home/projectwork/Deep_learning/VANSH_WORK/Internship/old/dataset/DRealSR-20231109T095957Z-004/DRealSR/Test_x4/HR/DSC_1137_x4.png,/home/projectwork/Deep_learning/VANSH_WORK/Internship/old/dataset/DRealSR-20231109T095957Z-004/DRealSR/Test_x4/LR/dreal4_9.png,2803.22705078125,9.362403031412956,0.0421761572360992,-24.246677385501748,-0.7399385372797648,0.2990682721138,0.2499797344207763,24.246677385501748,0.7399385372797648,-24.246677385501748,-0.7399385372797648
HAT,DSC_1233,/data/projectwork/sr_output/HAT_inference/DReal_x4/visualization/DReal_x4/DSC_1233_x1_DReal_x4.png,/home/projectwork/Deep_learning/VANSH_WORK/Internship/old/dataset/DRealSR-20231109T095957Z-004/DRealSR/Test_x4/HR/DSC_1233_x4.png,/home/projectwork/Deep_learning/VANSH_WORK/Internship/old/dataset/DRealSR-20231109T095957Z-004/DRealSR/Test_x4/LR/dreal4_10.png,2809.000732421875,9.355520728192085,0.0400519110262393,-23.95572628004601,-0.8349354863166809,0.2885138094425201,0.2222992777824401,23.95572628004601,0.8349354863166809,-23.95572628004601,-0.8349354863166809
HAT,DSC_1241,/data/projectwork/sr_output/HAT_inference/DReal_x4/visualization/DReal_x4/DSC_1241_x1_DReal_x4.png,/home/projectwork/Deep_learning/VANSH_WORK/Internship/old/dataset/DRealSR-20231109T095957Z-004/DRealSR/Test_x4/HR/DSC_1241_x4.png,/home/projectwork/Deep_learning/VANSH_WORK/Internship/old/dataset/DRealSR-20231109T095957Z-004/DRealSR/Test_x4/LR/dreal4_11.png,2810.969970703125,17.321007341966926,0.0358983650803566,-27.371664998770008,-0.9009454051653544,0.1947662830352783,0.2187445163726806,27.371664998770008,0.9009454051653544,-27.371664998770008,-0.9009454051653544
HAT,DSC_1245,/data/projectwork/sr_output/HAT_inference/DReal_x4/visualization/DReal_x4/DSC_1245_x1_DReal_x4.png,/home/projectwork/Deep_learning/VANSH_WORK/Internship/old/dataset/DRealSR-20231109T095957Z-004/DRealSR/Test_x4/HR/DSC_1245_x4.png,/home/projectwork/Deep_learning/VANSH_WORK/Internship/old/dataset/DRealSR-20231109T095957Z-004/DRealSR/Test_x4/LR/dreal4_12.png,2821.8369140625,10.261363599325817,0.0185322891920804,-32.23053269556732,-0.9074321190516154,0.127030000090599,0.1942260265350341,32.23053269556732,0.9074321190516154,-32.23053269556732,-0.9074321190516154
HAT,DSC_1265,/data/projectwork/sr_output/HAT_inference/DReal_x4/visualization/DReal_x4/DSC_1265_x1_DReal_x4.png,/home/projectwork/Deep_learning/VANSH_WORK/Internship/old/dataset/DRealSR-20231109T095957Z-004/DRealSR/Test_x4/HR/DSC_1265_x4.png,/home/projectwork/Deep_learning/VANSH_WORK/Internship/old/dataset/DRealSR-20231109T095957Z-004/DRealSR/Test_x4/LR/dreal4_13.png,2830.69921875,12.912457683733914,0.0201897993683815,-39.44741547899125,-0.950395087401072,0.1269207447767257,0.2557770013809204,39.44741547899125,0.950395087401072,-39.44741547899125,-0.950395087401072
HAT,DSC_1286,/data/projectwork/sr_output/HAT_inference/DReal_x4/visualization/DReal_x4/DSC_1286_x1_DReal_x4.png,/home/projectwork/Deep_learning/VANSH_WORK/Internship/old/dataset/DRealSR-20231109T095957Z-004/DRealSR/Test_x4/HR/DSC_1286_x4.png,/home/projectwork/Deep_learning/VANSH_WORK/Internship/old/dataset/DRealSR-20231109T095957Z-004/DRealSR/Test_x4/LR/dreal4_14.png,2814.288330078125,9.129350875193136,0.0204181019216775,-28.96750384924102,-0.8235827485720316,0.1828471571207046,0.2566925287246704,28.96750384924102,0.8235827485720316,-28.96750384924102,-0.8235827485720316
HAT,DSC_1326,/data/projectwork/sr_output/HAT_inference/DReal_x4/visualization/DReal_x4/DSC_1326_x1_DReal_x4.png,/home/projectwork/Deep_learning/VANSH_WORK/Internship/old/dataset/DRealSR-20231109T095957Z-004/DRealSR/Test_x4/HR/DSC_1326_x4.png,/home/projectwork/Deep_learning/VANSH_WORK/Internship/old/dataset/DRealSR-20231109T095957Z-004/DRealSR/Test_x4/LR/dreal4_15.png,2788.475830078125,6.098703290826919,0.0363361462950706,-22.143660335591456,-0.6736710667610168,0.2805585563182831,0.1895833611488342,22.143660335591456,0.6736710667610168,-22.143660335591456,-0.6736710667610168
HAT,DSC_1404,/data/projectwork/sr_output/HAT_inference/DReal_x4/visualization/DReal_x4/DSC_1404_x1_DReal_x4.png,/home/projectwork/Deep_learning/VANSH_WORK/Internship/old/dataset/DRealSR-20231109T095957Z-004/DRealSR/Test_x4/HR/DSC_1404_x4.png,/home/projectwork/Deep_learning/VANSH_WORK/Internship/old/dataset/DRealSR-20231109T095957Z-004/DRealSR/Test_x4/LR/dreal4_16.png,2810.42333984375,14.11789749454598,0.0772219374775886,-22.803122216284912,-0.83409583568573,0.1570515483617782,0.1929633021354675,22.803122216284912,0.83409583568573,-22.803122216284912,-0.83409583568573
HAT,DSC_1412,/data/projectwork/sr_output/HAT_inference/DReal_x4/visualization/DReal_x4/DSC_1412_x1_DReal_x4.png,/home/projectwork/Deep_learning/VANSH_WORK/Internship/old/dataset/DRealSR-20231109T095957Z-004/DRealSR/Test_x4/HR/DSC_1412_x4.png,/home/projectwork/Deep_learning/VANSH_WORK/Internship/old/dataset/DRealSR-20231109T095957Z-004/DRealSR/Test_x4/LR/dreal4_17.png,2817.490966796875,16.97128605508116,0.0191675499081611,-35.71830301359028,-0.9363239804903666,0.1020577475428581,0.1355010271072387,35.71830301359028,0.9363239804903666,-35.71830301359028,-0.9363239804903666
HAT,DSC_1425,/data/projectwork/sr_output/HAT_inference/DReal_x4/visualization/DReal_x4/DSC_1425_x1_DReal_x4.png,/home/projectwork/Deep_learning/VANSH_WORK/Internship/old/dataset/DRealSR-20231109T095957Z-004/DRealSR/Test_x4/HR/DSC_1425_x4.png,/home/projectwork/Deep_learning/VANSH_WORK/Internship/old/dataset/DRealSR-20231109T095957Z-004/DRealSR/Test_x4/LR/dreal4_18.png,2819.8818359375,7.619390261948927,0.0255218930542469,-22.231922745246653,-0.8267695109049479,0.2067627757787704,0.1817294359207153,22.231922745246653,0.8267695109049479,-22.231922745246653,-0.8267695109049479
HAT,DSC_1454,/data/projectwork/sr_output/HAT_inference/DReal_x4/visualization/DReal_x4/DSC_1454_x1_DReal_x4.png,/home/projectwork/Deep_learning/VANSH_WORK/Internship/old/dataset/DRealSR-20231109T095957Z-004/DRealSR/Test_x4/HR/DSC_1454_x4.png,/home/projectwork/Deep_learning/VANSH_WORK/Internship/old/dataset/DRealSR-20231109T095957Z-004/DRealSR/Test_x4/LR/dreal4_19.png,2797.055908203125,9.013739813290416,0.040908720344305,-23.968301309174688,-0.7152145902315775,0.2171382755041122,0.1777161955833435,23.968301309174688,0.7152145902315775,-23.968301309174688,-0.7152145902315775
HAT,DSC_1462,/data/projectwork/sr_output/HAT_inference/DReal_x4/visualization/DReal_x4/DSC_1462_x1_DReal_x4.png,/home/projectwork/Deep_learning/VANSH_WORK/Internship/old/dataset/DRealSR-20231109T095957Z-004/DRealSR/Test_x4/HR/DSC_1462_x4.png,/home/projectwork/Deep_learning/VANSH_WORK/Internship/old/dataset/DRealSR-20231109T095957Z-004/DRealSR/Test_x4/LR/dreal4_20.png,2799.475830078125,6.735588291492195,0.0367360152304172,-24.33271670309907,-0.7047929565111796,0.2648183107376098,0.2565565705299377,24.33271670309907,0.7047929565111796,-24.33271670309907,-0.7047929565111796
HAT,DSC_1474,/data/projectwork/sr_output/HAT_inference/DReal_x4/visualization/DReal_x4/DSC_1474_x1_DReal_x4.png,/home/projectwork/Deep_learning/VANSH_WORK/Internship/old/dataset/DRealSR-20231109T095957Z-004/DRealSR/Test_x4/HR/DSC_1474_x4.png,/home/projectwork/Deep_learning/VANSH_WORK/Internship/old/dataset/DRealSR-20231109T095957Z-004/DRealSR/Test_x4/LR/dreal4_21.png,2804.110107421875,13.69929191456052,0.0419947579503059,-17.344309461428146,-0.6704385280609131,0.2010791599750518,0.2340021729469299,17.344309461428146,0.6704385280609131,-17.344309461428146,-0.6704385280609131
HAT,DSC_1575,/data/projectwork/sr_output/HAT_inference/DReal_x4/visualization/DReal_x4/DSC_1575_x1_DReal_x4.png,/home/projectwork/Deep_learning/VANSH_WORK/Internship/old/dataset/DRealSR-20231109T095957Z-004/DRealSR/Test_x4/HR/DSC_1575_x4.png,/home/projectwork/Deep_learning/VANSH_WORK/Internship/old/dataset/DRealSR-20231109T095957Z-004/DRealSR/Test_x4/LR/dreal4_22.png,2800.90380859375,9.40351447128652,0.0389089621603488,-23.67013160874801,-0.6301039656003317,0.4019258916378021,0.2435219287872314,23.67013160874801,0.6301039656003317,-23.67013160874801,-0.6301039656003317
HAT,DSC_1583,/data/projectwork/sr_output/HAT_inference/DReal_x4/visualization/DReal_x4/DSC_1583_x1_DReal_x4.png,/home/projectwork/Deep_learning/VANSH_WORK/Internship/old/dataset/DRealSR-20231109T095957Z-004/DRealSR/Test_x4/HR/DSC_1583_x4.png,/home/projectwork/Deep_learning/VANSH_WORK/Internship/old/dataset/DRealSR-20231109T095957Z-004/DRealSR/Test_x4/LR/dreal4_23.png,2802.6025390625,8.593929382630305,0.044268611818552,-23.68796758373493,-0.7651324073473612,0.2034392654895782,0.1691311001777649,23.68796758373493,0.7651324073473612,-23.68796758373493,-0.7651324073473612
HAT,DSC_1599,/data/projectwork/sr_output/HAT_inference/DReal_x4/visualization/DReal_x4/DSC_1599_x1_DReal_x4.png,/home/projectwork/Deep_learning/VANSH_WORK/Internship/old/dataset/DRealSR-20231109T095957Z-004/DRealSR/Test_x4/HR/DSC_1599_x4.png,/home/projectwork/Deep_learning/VANSH_WORK/Internship/old/dataset/DRealSR-20231109T095957Z-004/DRealSR/Test_x4/LR/dreal4_24.png,2817.80859375,8.726187167901498,0.022648649290204,-32.672427622248975,-0.8730911811192831,0.2103558331727981,0.1734943985939026,32.672427622248975,0.8730911811192831,-32.672427622248975,-0.8730911811192831
HAT,DSC_1603,/data/projectwork/sr_output/HAT_inference/DReal_x4/visualization/DReal_x4/DSC_1603_x1_DReal_x4.png,/home/projectwork/Deep_learning/VANSH_WORK/Internship/old/dataset/DRealSR-20231109T095957Z-004/DRealSR/Test_x4/HR/DSC_1603_x4.png,/home/projectwork/Deep_learning/VANSH_WORK/Internship/old/dataset/DRealSR-20231109T095957Z-004/DRealSR/Test_x4/LR/dreal4_25.png,2803.843994140625,9.14029042240768,0.0360265970230102,-22.019918069884877,-0.723763088385264,0.2734576463699341,0.228570818901062,22.019918069884877,0.723763088385264,-22.019918069884877,-0.723763088385264
HAT,IMG_107,/data/projectwork/sr_output/HAT_inference/DReal_x4/visualization/DReal_x4/IMG_107_x1_DReal_x4.png,/home/projectwork/Deep_learning/VANSH_WORK/Internship/old/dataset/DRealSR-20231109T095957Z-004/DRealSR/Test_x4/HR/IMG_107_x4.png,/home/projectwork/Deep_learning/VANSH_WORK/Internship/old/dataset/DRealSR-20231109T095957Z-004/DRealSR/Test_x4/LR/dreal4_26.png,2825.109130859375,27.815946909467808,0.0277388412505388,-23.670292636883374,-0.7560482819875082,0.2590979933738708,0.3113331794738769,23.670292636883374,0.7560482819875082,-23.670292636883374,-0.7560482819875082
HAT,IMG_113,/data/projectwork/sr_output/HAT_inference/DReal_x4/visualization/DReal_x4/IMG_113_x1_DReal_x4.png,/home/projectwork/Deep_learning/VANSH_WORK/Internship/old/dataset/DRealSR-20231109T095957Z-004/DRealSR/Test_x4/HR/IMG_113_x4.png,/home/projectwork/Deep_learning/VANSH_WORK/Internship/old/dataset/DRealSR-20231109T095957Z-004/DRealSR/Test_x4/LR/dreal4_27.png,2807.973876953125,13.740314863325274,0.0572014711797237,-21.75798097911234,-0.6566997766494751,0.2845136225223541,0.2104800343513488,21.75798097911234,0.6566997766494751,-21.75798097911234,-0.6566997766494751
HAT,IMG_118,/data/projectwork/sr_output/HAT_inference/DReal_x4/visualization/DReal_x4/IMG_118_x1_DReal_x4.png,/home/projectwork/Deep_learning/VANSH_WORK/Internship/old/dataset/DRealSR-20231109T095957Z-004/DRealSR/Test_x4/HR/IMG_118_x4.png,/home/projectwork/Deep_learning/VANSH_WORK/Internship/old/dataset/DRealSR-20231109T095957Z-004/DRealSR/Test_x4/LR/dreal4_28.png,2798.815185546875,11.688243550322714,0.0588918253779411,-16.956785385900805,-0.6113265752792358,0.3342956006526947,0.2145106792449951,16.956785385900805,0.6113265752792358,-16.956785385900805,-0.6113265752792358
HAT,IMG_125,/data/projectwork/sr_output/HAT_inference/DReal_x4/visualization/DReal_x4/IMG_125_x1_DReal_x4.png,/home/projectwork/Deep_learning/VANSH_WORK/Internship/old/dataset/DRealSR-20231109T095957Z-004/DRealSR/Test_x4/HR/IMG_125_x4.png,/home/projectwork/Deep_learning/VANSH_WORK/Internship/old/dataset/DRealSR-20231109T095957Z-004/DRealSR/Test_x4/LR/dreal4_29.png,2815.186767578125,10.513184502976026,0.0589763633906841,-27.210696059008328,-0.8686803579330444,0.2218472361564636,0.2175328135490417,27.210696059008328,0.8686803579330444,-27.210696059008328,-0.8686803579330444
HAT,IMG_130,/data/projectwork/sr_output/HAT_inference/DReal_x4/visualization/DReal_x4/IMG_130_x1_DReal_x4.png,/home/projectwork/Deep_learning/VANSH_WORK/Internship/old/dataset/DRealSR-20231109T095957Z-004/DRealSR/Test_x4/HR/IMG_130_x4.png,/home/projectwork/Deep_learning/VANSH_WORK/Internship/old/dataset/DRealSR-20231109T095957Z-004/DRealSR/Test_x4/LR/dreal4_30.png,2813.457763671875,7.595111483528755,0.0361603423953056,-24.95309536729649,-0.8363738656044006,0.1695802509784698,0.1603491306304931,24.95309536729649,0.8363738656044006,-24.95309536729649,-0.8363738656044006
HAT,IMG_140,/data/projectwork/sr_output/HAT_inference/DReal_x4/visualization/DReal_x4/IMG_140_x1_DReal_x4.png,/home/projectwork/Deep_learning/VANSH_WORK/Internship/old/dataset/DRealSR-20231109T095957Z-004/DRealSR/Test_x4/HR/IMG_140_x4.png,/home/projectwork/Deep_learning/VANSH_WORK/Internship/old/dataset/DRealSR-20231109T095957Z-004/DRealSR/Test_x4/LR/dreal4_31.png,2822.863525390625,10.018741036061678,0.0171095058321952,-29.45480396372179,-0.9281041622161864,0.0825600177049636,0.1378670930862426,29.45480396372179,0.9281041622161864,-29.45480396372179,-0.9281041622161864
HAT,IMG_143,/data/projectwork/sr_output/HAT_inference/DReal_x4/visualization/DReal_x4/IMG_143_x1_DReal_x4.png,/home/projectwork/Deep_learning/VANSH_WORK/Internship/old/dataset/DRealSR-20231109T095957Z-004/DRealSR/Test_x4/HR/IMG_143_x4.png,/home/projectwork/Deep_learning/VANSH_WORK/Internship/old/dataset/DRealSR-20231109T095957Z-004/DRealSR/Test_x4/LR/dreal4_32.png,2811.21044921875,15.40193765879742,0.0631064996123313,-20.26746785600881,-0.5984869599342346,0.1945503950119018,0.1518496870994568,20.26746785600881,0.5984869599342346,-20.26746785600881,-0.5984869599342346
HAT,IMG_150,/data/projectwork/sr_output/HAT_inference/DReal_x4/visualization/DReal_x4/IMG_150_x1_DReal_x4.png,/home/projectwork/Deep_learning/VANSH_WORK/Internship/old/dataset/DRealSR-20231109T095957Z-004/DRealSR/Test_x4/HR/IMG_150_x4.png,/home/projectwork/Deep_learning/VANSH_WORK/Internship/old/dataset/DRealSR-20231109T095957Z-004/DRealSR/Test_x4/LR/dreal4_33.png,2794.323486328125,8.96964366780323,0.0765630900859832,-17.716824949618623,-0.5960792501767477,0.3628337383270263,0.2507404088973999,17.716824949618623,0.5960792501767477,-17.716824949618623,-0.5960792501767477
HAT,IMG_181,/data/projectwork/sr_output/HAT_inference/DReal_x4/visualization/DReal_x4/IMG_181_x1_DReal_x4.png,/home/projectwork/Deep_learning/VANSH_WORK/Internship/old/dataset/DRealSR-20231109T095957Z-004/DRealSR/Test_x4/HR/IMG_181_x4.png,/home/projectwork/Deep_learning/VANSH_WORK/Internship/old/dataset/DRealSR-20231109T095957Z-004/DRealSR/Test_x4/LR/dreal4_34.png,2806.96337890625,7.217653890217524,0.0449860915541648,-22.64656906816772,-0.764157772064209,0.163026750087738,0.1748710870742797,22.64656906816772,0.764157772064209,-22.64656906816772,-0.764157772064209
HAT,IMG_190,/data/projectwork/sr_output/HAT_inference/DReal_x4/visualization/DReal_x4/IMG_190_x1_DReal_x4.png,/home/projectwork/Deep_learning/VANSH_WORK/Internship/old/dataset/DRealSR-20231109T095957Z-004/DRealSR/Test_x4/HR/IMG_190_x4.png,/home/projectwork/Deep_learning/VANSH_WORK/Internship/old/dataset/DRealSR-20231109T095957Z-004/DRealSR/Test_x4/LR/dreal4_35.png,2824.7666015625,9.793847785972538,0.0238814912736415,-31.341604154926653,-0.8468539714813232,0.2700486183166504,0.1482772827148437,31.341604154926653,0.8468539714813232,-31.341604154926653,-0.8468539714813232
HAT,IMG_203,/data/projectwork/sr_output/HAT_inference/DReal_x4/visualization/DReal_x4/IMG_203_x1_DReal_x4.png,/home/projectwork/Deep_learning/VANSH_WORK/Internship/old/dataset/DRealSR-20231109T095957Z-004/DRealSR/Test_x4/HR/IMG_203_x4.png,/home/projectwork/Deep_learning/VANSH_WORK/Internship/old/dataset/DRealSR-20231109T095957Z-004/DRealSR/Test_x4/LR/dreal4_36.png,2804.83349609375,14.25654723178306,0.0260589085519313,-26.870643313240933,-0.8651979168256124,0.2641057968139648,0.262992262840271,26.870643313240933,0.8651979168256124,-26.870643313240933,-0.8651979168256124
HAT,IMG_210,/data/projectwork/sr_output/HAT_inference/DReal_x4/visualization/DReal_x4/IMG_210_x1_DReal_x4.png,/home/projectwork/Deep_learning/VANSH_WORK/Internship/old/dataset/DRealSR-20231109T095957Z-004/DRealSR/Test_x4/HR/IMG_210_x4.png,/home/projectwork/Deep_learning/VANSH_WORK/Internship/old/dataset/DRealSR-20231109T095957Z-004/DRealSR/Test_x4/LR/dreal4_37.png,2822.134521484375,12.978975349312169,0.0192142333835363,-30.9163268731616,-0.9234464367230734,0.1816274225711822,0.279488205909729,30.9163268731616,0.9234464367230734,-30.9163268731616,-0.9234464367230734
HAT,P1140090,/data/projectwork/sr_output/HAT_inference/DReal_x4/visualization/DReal_x4/P1140090_x1_DReal_x4.png,/home/projectwork/Deep_learning/VANSH_WORK/Internship/old/dataset/DRealSR-20231109T095957Z-004/DRealSR/Test_x4/HR/P1140090_x4.png,/home/projectwork/Deep_learning/VANSH_WORK/Internship/old/dataset/DRealSR-20231109T095957Z-004/DRealSR/Test_x4/LR/dreal4_38.png,2813.053466796875,5.553928714073713,0.0389697551727294,-22.103405770312435,-0.7300799687703451,0.2636529505252838,0.1917123794555664,22.103405770312435,0.7300799687703451,-22.103405770312435,-0.7300799687703451
HAT,P1140122,/data/projectwork/sr_output/HAT_inference/DReal_x4/visualization/DReal_x4/P1140122_x1_DReal_x4.png,/home/projectwork/Deep_learning/VANSH_WORK/Internship/old/dataset/DRealSR-20231109T095957Z-004/DRealSR/Test_x4/HR/P1140122_x4.png,/home/projectwork/Deep_learning/VANSH_WORK/Internship/old/dataset/DRealSR-20231109T095957Z-004/DRealSR/Test_x4/LR/dreal4_39.png,2814.21533203125,6.521052712947895,0.0465855598449707,-27.064706849253422,-0.6694528261820475,0.4099102020263672,0.2715482711791992,27.064706849253422,0.6694528261820475,-27.064706849253422,-0.6694528261820475
HAT,P1140126,/data/projectwork/sr_output/HAT_inference/DReal_x4/visualization/DReal_x4/P1140126_x1_DReal_x4.png,/home/projectwork/Deep_learning/VANSH_WORK/Internship/old/dataset/DRealSR-20231109T095957Z-004/DRealSR/Test_x4/HR/P1140126_x4.png,/home/projectwork/Deep_learning/VANSH_WORK/Internship/old/dataset/DRealSR-20231109T095957Z-004/DRealSR/Test_x4/LR/dreal4_40.png,2810.6572265625,5.117378682796879,0.040772657841444,-26.1318133012388,-0.5760636130968729,0.4080712795257568,0.2444574832916259,26.1318133012388,0.5760636130968729,-26.1318133012388,-0.5760636130968729
HAT,P1140134,/data/projectwork/sr_output/HAT_inference/DReal_x4/visualization/DReal_x4/P1140134_x1_DReal_x4.png,/home/projectwork/Deep_learning/VANSH_WORK/Internship/old/dataset/DRealSR-20231109T095957Z-004/DRealSR/Test_x4/HR/P1140134_x4.png,/home/projectwork/Deep_learning/VANSH_WORK/Internship/old/dataset/DRealSR-20231109T095957Z-004/DRealSR/Test_x4/LR/dreal4_41.png,2814.5068359375,7.751680896485913,0.0308267511427402,-27.537313327880323,-0.8243173162142435,0.2992968261241913,0.2594159245491028,27.537313327880323,0.8243173162142435,-27.537313327880323,-0.8243173162142435
HAT,P1140138,/data/projectwork/sr_output/HAT_inference/DReal_x4/visualization/DReal_x4/P1140138_x1_DReal_x4.png,/home/projectwork/Deep_learning/VANSH_WORK/Internship/old/dataset/DRealSR-20231109T095957Z-004/DRealSR/Test_x4/HR/P1140138_x4.png,/home/projectwork/Deep_learning/VANSH_WORK/Internship/old/dataset/DRealSR-20231109T095957Z-004/DRealSR/Test_x4/LR/dreal4_42.png,2807.02392578125,7.948278890140519,0.0266729686409235,-30.938611383097143,-0.8211207985877991,0.5194401741027832,0.2827074527740478,30.938611383097143,0.8211207985877991,-30.938611383097143,-0.8211207985877991
HAT,P1140177,/data/projectwork/sr_output/HAT_inference/DReal_x4/visualization/DReal_x4/P1140177_x1_DReal_x4.png,/home/projectwork/Deep_learning/VANSH_WORK/Internship/old/dataset/DRealSR-20231109T095957Z-004/DRealSR/Test_x4/HR/P1140177_x4.png,/home/projectwork/Deep_learning/VANSH_WORK/Internship/old/dataset/DRealSR-20231109T095957Z-004/DRealSR/Test_x4/LR/dreal4_43.png,2807.793212890625,4.385953280308486,0.0210067629814147,-25.0197520336636,-0.5319427053133646,0.3644373118877411,0.2348402738571167,25.0197520336636,0.5319427053133646,-25.0197520336636,-0.5319427053133646
HAT,P1140189,/data/projectwork/sr_output/HAT_inference/DReal_x4/visualization/DReal_x4/P1140189_x1_DReal_x4.png,/home/projectwork/Deep_learning/VANSH_WORK/Internship/old/dataset/DRealSR-20231109T095957Z-004/DRealSR/Test_x4/HR/P1140189_x4.png,/home/projectwork/Deep_learning/VANSH_WORK/Internship/old/dataset/DRealSR-20231109T095957Z-004/DRealSR/Test_x4/LR/dreal4_44.png,2810.994140625,6.699194402434809,0.0264344979077577,-32.42195371818084,-0.7829463283220927,0.4496708810329437,0.3777567744255066,32.42195371818084,0.7829463283220927,-32.42195371818084,-0.7829463283220927
HAT,P1140279,/data/projectwork/sr_output/HAT_inference/DReal_x4/visualization/DReal_x4/P1140279_x1_DReal_x4.png,/home/projectwork/Deep_learning/VANSH_WORK/Internship/old/dataset/DRealSR-20231109T095957Z-004/DRealSR/Test_x4/HR/P1140279_x4.png,/home/projectwork/Deep_learning/VANSH_WORK/Internship/old/dataset/DRealSR-20231109T095957Z-004/DRealSR/Test_x4/LR/dreal4_45.png,2806.317138671875,8.522527206685066,0.0242578033357858,-27.78196441546104,-0.768744965394338,0.3168605268001556,0.2174566984176635,27.78196441546104,0.768744965394338,-27.78196441546104,-0.768744965394338
HAT,P1140388,/data/projectwork/sr_output/HAT_inference/DReal_x4/visualization/DReal_x4/P1140388_x1_DReal_x4.png,/home/projectwork/Deep_learning/VANSH_WORK/Internship/old/dataset/DRealSR-20231109T095957Z-004/DRealSR/Test_x4/HR/P1140388_x4.png,/home/projectwork/Deep_learning/VANSH_WORK/Internship/old/dataset/DRealSR-20231109T095957Z-004/DRealSR/Test_x4/LR/dreal4_46.png,2812.57666015625,6.647285909031447,0.0189272910356521,-30.04764107464358,-0.8447068532307943,0.2639670968055725,0.2430887222290039,30.04764107464358,0.8447068532307943,-30.04764107464358,-0.8447068532307943
HAT,P1140401,/data/projectwork/sr_output/HAT_inference/DReal_x4/visualization/DReal_x4/P1140401_x1_DReal_x4.png,/home/projectwork/Deep_learning/VANSH_WORK/Internship/old/dataset/DRealSR-20231109T095957Z-004/DRealSR/Test_x4/HR/P1140401_x4.png,/home/projectwork/Deep_learning/VANSH_WORK/Internship/old/dataset/DRealSR-20231109T095957Z-004/DRealSR/Test_x4/LR/dreal4_47.png,2821.560546875,14.576959257228015,0.0178424380719661,-36.23067697701831,-0.9314348896344504,0.214631900191307,0.1944514513015747,36.23067697701831,0.9314348896344504,-36.23067697701831,-0.9314348896344504
HAT,P1140417,/data/projectwork/sr_output/HAT_inference/DReal_x4/visualization/DReal_x4/P1140417_x1_DReal_x4.png,/home/projectwork/Deep_learning/VANSH_WORK/Internship/old/dataset/DRealSR-20231109T095957Z-004/DRealSR/Test_x4/HR/P1140417_x4.png,/home/projectwork/Deep_learning/VANSH_WORK/Internship/old/dataset/DRealSR-20231109T095957Z-004/DRealSR/Test_x4/LR/dreal4_48.png,2800.337646484375,4.676650109844298,0.0238907951861619,-27.125450499867878,-0.6623475154240926,0.2985912263393402,0.2278969883918762,27.125450499867878,0.6623475154240926,-27.125450499867878,-0.6623475154240926
HAT,P1140434,/data/projectwork/sr_output/HAT_inference/DReal_x4/visualization/DReal_x4/P1140434_x1_DReal_x4.png,/home/projectwork/Deep_learning/VANSH_WORK/Internship/old/dataset/DRealSR-20231109T095957Z-004/DRealSR/Test_x4/HR/P1140434_x4.png,/home/projectwork/Deep_learning/VANSH_WORK/Internship/old/dataset/DRealSR-20231109T095957Z-004/DRealSR/Test_x4/LR/dreal4_49.png,2813.79248046875,7.356986360510627,0.0326056219637393,-28.946477294995333,-0.8423556685447693,0.1727845668792724,0.1442418098449707,28.946477294995333,0.8423556685447693,-28.946477294995333,-0.8423556685447693
HAT,P1160566,/data/projectwork/sr_output/HAT_inference/DReal_x4/visualization/DReal_x4/P1160566_x1_DReal_x4.png,/home/projectwork/Deep_learning/VANSH_WORK/Internship/old/dataset/DRealSR-20231109T095957Z-004/DRealSR/Test_x4/HR/P1160566_x4.png,/home/projectwork/Deep_learning/VANSH_WORK/Internship/old/dataset/DRealSR-20231109T095957Z-004/DRealSR/Test_x4/LR/dreal4_50.png,2828.23388671875,21.759676124614025,0.0316778756678104,-38.79643770607012,-0.9880563815434774,0.0655756965279579,0.2354259490966797,38.79643770607012,0.9880563815434774,-38.79643770607012,-0.9880563815434774
HAT,P1160646,/data/projectwork/sr_output/HAT_inference/DReal_x4/visualization/DReal_x4/P1160646_x1_DReal_x4.png,/home/projectwork/Deep_learning/VANSH_WORK/Internship/old/dataset/DRealSR-20231109T095957Z-004/DRealSR/Test_x4/HR/P1160646_x4.png,/home/projectwork/Deep_learning/VANSH_WORK/Internship/old/dataset/DRealSR-20231109T095957Z-004/DRealSR/Test_x4/LR/dreal4_51.png,2801.035888671875,9.825301024588477,0.0177214071154594,-24.525856429532244,-0.7071205576260885,0.2208287119865417,0.2290358543395996,24.525856429532244,0.7071205576260885,-24.525856429532244,-0.7071205576260885
HAT,P1160772,/data/projectwork/sr_output/HAT_inference/DReal_x4/visualization/DReal_x4/P1160772_x1_DReal_x4.png,/home/projectwork/Deep_learning/VANSH_WORK/Internship/old/dataset/DRealSR-20231109T095957Z-004/DRealSR/Test_x4/HR/P1160772_x4.png,/home/projectwork/Deep_learning/VANSH_WORK/Internship/old/dataset/DRealSR-20231109T095957Z-004/DRealSR/Test_x4/LR/dreal4_52.png,2806.92138671875,7.355701704835298,0.0241678804159164,-22.37623296893193,-0.584501306215922,0.3253162801265716,0.2249223589897155,22.37623296893193,0.584501306215922,-22.37623296893193,-0.584501306215922
HAT,P1160776,/data/projectwork/sr_output/HAT_inference/DReal_x4/visualization/DReal_x4/P1160776_x1_DReal_x4.png,/home/projectwork/Deep_learning/VANSH_WORK/Internship/old/dataset/DRealSR-20231109T095957Z-004/DRealSR/Test_x4/HR/P1160776_x4.png,/home/projectwork/Deep_learning/VANSH_WORK/Internship/old/dataset/DRealSR-20231109T095957Z-004/DRealSR/Test_x4/LR/dreal4_53.png,2818.959228515625,12.909199869975446,0.023557661101222,-22.594645289792247,-0.8123618761698405,0.1648447960615158,0.2265901565551757,22.594645289792247,0.8123618761698405,-22.594645289792247,-0.8123618761698405
HAT,P1171010,/data/projectwork/sr_output/HAT_inference/DReal_x4/visualization/DReal_x4/P1171010_x1_DReal_x4.png,/home/projectwork/Deep_learning/VANSH_WORK/Internship/old/dataset/DRealSR-20231109T095957Z-004/DRealSR/Test_x4/HR/P1171010_x4.png,/home/projectwork/Deep_learning/VANSH_WORK/Internship/old/dataset/DRealSR-20231109T095957Z-004/DRealSR/Test_x4/LR/dreal4_54.png,2821.536865234375,7.886915236963718,0.0301257818937301,-22.35968274769533,-0.6332964301109314,0.400119811296463,0.3156139254570007,22.35968274769533,0.6332964301109314,-22.35968274769533,-0.6332964301109314
HAT,P1171031,/data/projectwork/sr_output/HAT_inference/DReal_x4/visualization/DReal_x4/P1171031_x1_DReal_x4.png,/home/projectwork/Deep_learning/VANSH_WORK/Internship/old/dataset/DRealSR-20231109T095957Z-004/DRealSR/Test_x4/HR/P1171031_x4.png,/home/projectwork/Deep_learning/VANSH_WORK/Internship/old/dataset/DRealSR-20231109T095957Z-004/DRealSR/Test_x4/LR/dreal4_55.png,2817.94384765625,8.20786061903637,0.0202439073473215,-29.456380195957838,-0.8069514830907186,0.1538380086421966,0.1675254702568054,29.456380195957838,0.8069514830907186,-29.456380195957838,-0.8069514830907186
HAT,P1171051,/data/projectwork/sr_output/HAT_inference/DReal_x4/visualization/DReal_x4/P1171051_x1_DReal_x4.png,/home/projectwork/Deep_learning/VANSH_WORK/Internship/old/dataset/DRealSR-20231109T095957Z-004/DRealSR/Test_x4/HR/P1171051_x4.png,/home/projectwork/Deep_learning/VANSH_WORK/Internship/old/dataset/DRealSR-20231109T095957Z-004/DRealSR/Test_x4/LR/dreal4_56.png,2820.255126953125,7.052787023404145,0.0183810647577047,-25.21117924260697,-0.7514913479487101,0.2823667526245117,0.20048189163208,25.21117924260697,0.7514913479487101,-25.21117924260697,-0.7514913479487101
HAT,panasonic_103,/data/projectwork/sr_output/HAT_inference/DReal_x4/visualization/DReal_x4/panasonic_103_x1_DReal_x4.png,/home/projectwork/Deep_learning/VANSH_WORK/Internship/old/dataset/DRealSR-20231109T095957Z-004/DRealSR/Test_x4/HR/panasonic_103_x4.png,/home/projectwork/Deep_learning/VANSH_WORK/Internship/old/dataset/DRealSR-20231109T095957Z-004/DRealSR/Test_x4/LR/dreal4_57.png,2807.3544921875,12.164425840096676,0.0223172474652528,-23.995354074781314,-0.5280207792917887,0.5430818200111389,0.257707417011261,23.995354074781314,0.5280207792917887,-23.995354074781314,-0.5280207792917887
HAT,panasonic_123,/data/projectwork/sr_output/HAT_inference/DReal_x4/visualization/DReal_x4/panasonic_123_x1_DReal_x4.png,/home/projectwork/Deep_learning/VANSH_WORK/Internship/old/dataset/DRealSR-20231109T095957Z-004/DRealSR/Test_x4/HR/panasonic_123_x4.png,/home/projectwork/Deep_learning/VANSH_WORK/Internship/old/dataset/DRealSR-20231109T095957Z-004/DRealSR/Test_x4/LR/dreal4_58.png,2814.122802734375,6.736384954539393,0.0359795987606048,-24.41474110202547,-0.677769402662913,0.2391193658113479,0.2108204364776611,24.41474110202547,0.677769402662913,-24.41474110202547,-0.677769402662913
HAT,panasonic_128,/data/projectwork/sr_output/HAT_inference/DReal_x4/visualization/DReal_x4/panasonic_128_x1_DReal_x4.png,/home/projectwork/Deep_learning/VANSH_WORK/Internship/old/dataset/DRealSR-20231109T095957Z-004/DRealSR/Test_x4/HR/panasonic_128_x4.png,/home/projectwork/Deep_learning/VANSH_WORK/Internship/old/dataset/DRealSR-20231109T095957Z-004/DRealSR/Test_x4/LR/dreal4_59.png,2813.194580078125,14.211350114325516,0.0219237972050905,-33.75255733338635,-0.9589763879776,0.1303128600120544,0.2339310646057129,33.75255733338635,0.9589763879776,-33.75255733338635,-0.9589763879776
HAT,panasonic_132,/data/projectwork/sr_output/HAT_inference/DReal_x4/visualization/DReal_x4/panasonic_132_x1_DReal_x4.png,/home/projectwork/Deep_learning/VANSH_WORK/Internship/old/dataset/DRealSR-20231109T095957Z-004/DRealSR/Test_x4/HR/panasonic_132_x4.png,/home/projectwork/Deep_learning/VANSH_WORK/Internship/old/dataset/DRealSR-20231109T095957Z-004/DRealSR/Test_x4/LR/dreal4_60.png,2811.473876953125,8.47478534039079,0.020115952938795,-33.31232270623991,-0.9027854204177856,0.2282760590314865,0.1958376765251159,33.31232270623991,0.9027854204177856,-33.31232270623991,-0.9027854204177856
HAT,panasonic_145,/data/projectwork/sr_output/HAT_inference/DReal_x4/visualization/DReal_x4/panasonic_145_x1_DReal_x4.png,/home/projectwork/Deep_learning/VANSH_WORK/Internship/old/dataset/DRealSR-20231109T095957Z-004/DRealSR/Test_x4/HR/panasonic_145_x4.png,/home/projectwork/Deep_learning/VANSH_WORK/Internship/old/dataset/DRealSR-20231109T095957Z-004/DRealSR/Test_x4/LR/dreal4_61.png,2788.886962890625,14.81499785668473,0.049590814858675,-22.884834487009293,-0.7821448842684428,0.2314070165157318,0.231173574924469,22.884834487009293,0.7821448842684428,-22.884834487009293,-0.7821448842684428
HAT,panasonic_158,/data/projectwork/sr_output/HAT_inference/DReal_x4/visualization/DReal_x4/panasonic_158_x1_DReal_x4.png,/home/projectwork/Deep_learning/VANSH_WORK/Internship/old/dataset/DRealSR-20231109T095957Z-004/DRealSR/Test_x4/HR/panasonic_158_x4.png,/home/projectwork/Deep_learning/VANSH_WORK/Internship/old/dataset/DRealSR-20231109T095957Z-004/DRealSR/Test_x4/LR/dreal4_62.png,2804.594970703125,12.876186638475012,0.0152632696554064,-27.156043851271544,-0.8703252474466959,0.1275104582309723,0.2025240659713745,27.156043851271544,0.8703252474466959,-27.156043851271544,-0.8703252474466959
HAT,panasonic_16,/data/projectwork/sr_output/HAT_inference/DReal_x4/visualization/DReal_x4/panasonic_16_x1_DReal_x4.png,/home/projectwork/Deep_learning/VANSH_WORK/Internship/old/dataset/DRealSR-20231109T095957Z-004/DRealSR/Test_x4/HR/panasonic_16_x4.png,/home/projectwork/Deep_learning/VANSH_WORK/Internship/old/dataset/DRealSR-20231109T095957Z-004/DRealSR/Test_x4/LR/dreal4_63.png,2813.109619140625,11.63108112328615,0.0313586853444576,-27.72157707208845,-0.7108957370122274,0.2795299589633941,0.276508092880249,27.72157707208845,0.7108957370122274,-27.72157707208845,-0.7108957370122274
HAT,panasonic_182,/data/projectwork/sr_output/HAT_inference/DReal_x4/visualization/DReal_x4/panasonic_182_x1_DReal_x4.png,/home/projectwork/Deep_learning/VANSH_WORK/Internship/old/dataset/DRealSR-20231109T095957Z-004/DRealSR/Test_x4/HR/panasonic_182_x4.png,/home/projectwork/Deep_learning/VANSH_WORK/Internship/old/dataset/DRealSR-20231109T095957Z-004/DRealSR/Test_x4/LR/dreal4_64.png,2800.400146484375,8.44328593519326,0.0592189878225326,-22.491664976852483,-0.5670943657557169,0.5412971377372742,0.2667123675346374,22.491664976852483,0.5670943657557169,-22.491664976852483,-0.5670943657557169
HAT,panasonic_187,/data/projectwork/sr_output/HAT_inference/DReal_x4/visualization/DReal_x4/panasonic_187_x1_DReal_x4.png,/home/projectwork/Deep_learning/VANSH_WORK/Internship/old/dataset/DRealSR-20231109T095957Z-004/DRealSR/Test_x4/HR/panasonic_187_x4.png,/home/projectwork/Deep_learning/VANSH_WORK/Internship/old/dataset/DRealSR-20231109T095957Z-004/DRealSR/Test_x4/LR/dreal4_65.png,2789.42529296875,53.90941222065564,0.0647114440798759,-14.655363234639472,-0.5643832286198934,0.2957301735877991,0.3021806478500366,14.655363234639472,0.5643832286198934,-14.655363234639472,-0.5643832286198934
HAT,panasonic_196,/data/projectwork/sr_output/HAT_inference/DReal_x4/visualization/DReal_x4/panasonic_196_x1_DReal_x4.png,/home/projectwork/Deep_learning/VANSH_WORK/Internship/old/dataset/DRealSR-20231109T095957Z-004/DRealSR/Test_x4/HR/panasonic_196_x4.png,/home/projectwork/Deep_learning/VANSH_WORK/Internship/old/dataset/DRealSR-20231109T095957Z-004/DRealSR/Test_x4/LR/dreal4_66.png,2808.3671875,10.263344918474049,0.0257935766130685,-24.930823169090168,-0.5026921331882477,0.2378841191530227,0.2394556999206543,24.930823169090168,0.5026921331882477,-24.930823169090168,-0.5026921331882477
HAT,panasonic_197,/data/projectwork/sr_output/HAT_inference/DReal_x4/visualization/DReal_x4/panasonic_197_x1_DReal_x4.png,/home/projectwork/Deep_learning/VANSH_WORK/Internship/old/dataset/DRealSR-20231109T095957Z-004/DRealSR/Test_x4/HR/panasonic_197_x4.png,/home/projectwork/Deep_learning/VANSH_WORK/Internship/old/dataset/DRealSR-20231109T095957Z-004/DRealSR/Test_x4/LR/dreal4_67.png,2808.519775390625,7.19522044801454,0.0383868105709552,-22.945748528193526,-0.6452731490135193,0.3927266299724579,0.2240571975708007,22.945748528193526,0.6452731490135193,-22.945748528193526,-0.6452731490135193
HAT,panasonic_202,/data/projectwork/sr_output/HAT_inference/DReal_x4/visualization/DReal_x4/panasonic_202_x1_DReal_x4.png,/home/projectwork/Deep_learning/VANSH_WORK/Internship/old/dataset/DRealSR-20231109T095957Z-004/DRealSR/Test_x4/HR/panasonic_202_x4.png,/home/projectwork/Deep_learning/VANSH_WORK/Internship/old/dataset/DRealSR-20231109T095957Z-004/DRealSR/Test_x4/LR/dreal4_68.png,2814.130126953125,6.477101428098823,0.0269598476588726,-26.96275400202702,-0.7906519174575806,0.1554476916790008,0.1712506413459777,26.96275400202702,0.7906519174575806,-26.96275400202702,-0.7906519174575806
HAT,panasonic_206,/data/projectwork/sr_output/HAT_inference/DReal_x4/visualization/DReal_x4/panasonic_206_x1_DReal_x4.png,/home/projectwork/Deep_learning/VANSH_WORK/Internship/old/dataset/DRealSR-20231109T095957Z-004/DRealSR/Test_x4/HR/panasonic_206_x4.png,/home/projectwork/Deep_learning/VANSH_WORK/Internship/old/dataset/DRealSR-20231109T095957Z-004/DRealSR/Test_x4/LR/dreal4_69.png,2814.697021484375,7.535931315462911,0.0200162623077631,-26.29381637494535,-0.6893134117126465,0.1854468435049057,0.184868037700653,26.29381637494535,0.6893134117126465,-26.29381637494535,-0.6893134117126465
HAT,panasonic_233,/data/projectwork/sr_output/HAT_inference/DReal_x4/visualization/DReal_x4/panasonic_233_x1_DReal_x4.png,/home/projectwork/Deep_learning/VANSH_WORK/Internship/old/dataset/DRealSR-20231109T095957Z-004/DRealSR/Test_x4/HR/panasonic_233_x4.png,/home/projectwork/Deep_learning/VANSH_WORK/Internship/old/dataset/DRealSR-20231109T095957Z-004/DRealSR/Test_x4/LR/dreal4_70.png,2809.70556640625,7.161581566302852,0.0332930162549018,-31.15560724081576,-0.8908268411954244,0.2487463951110839,0.2070564031600952,31.15560724081576,0.8908268411954244,-31.15560724081576,-0.8908268411954244
HAT,panasonic_43,/data/projectwork/sr_output/HAT_inference/DReal_x4/visualization/DReal_x4/panasonic_43_x1_DReal_x4.png,/home/projectwork/Deep_learning/VANSH_WORK/Internship/old/dataset/DRealSR-20231109T095957Z-004/DRealSR/Test_x4/HR/panasonic_43_x4.png,/home/projectwork/Deep_learning/VANSH_WORK/Internship/old/dataset/DRealSR-20231109T095957Z-004/DRealSR/Test_x4/LR/dreal4_71.png,2799.37939453125,3.5499947984870377,0.0329881981015205,-21.934017402379645,-0.4362025260925293,0.3584229350090027,0.2328505516052246,21.934017402379645,0.4362025260925293,-21.934017402379645,-0.4362025260925293
HAT,panasonic_50,/data/projectwork/sr_output/HAT_inference/DReal_x4/visualization/DReal_x4/panasonic_50_x1_DReal_x4.png,/home/projectwork/Deep_learning/VANSH_WORK/Internship/old/dataset/DRealSR-20231109T095957Z-004/DRealSR/Test_x4/HR/panasonic_50_x4.png,/home/projectwork/Deep_learning/VANSH_WORK/Internship/old/dataset/DRealSR-20231109T095957Z-004/DRealSR/Test_x4/LR/dreal4_72.png,2800.6826171875,4.4990470938154745,0.0337907746434211,-24.61029673304932,-0.643614133199056,0.3126353323459625,0.2739743590354919,24.61029673304932,0.643614133199056,-24.61029673304932,-0.643614133199056
HAT,panasonic_57,/data/projectwork/sr_output/HAT_inference/DReal_x4/visualization/DReal_x4/panasonic_57_x1_DReal_x4.png,/home/projectwork/Deep_learning/VANSH_WORK/Internship/old/dataset/DRealSR-20231109T095957Z-004/DRealSR/Test_x4/HR/panasonic_57_x4.png,/home/projectwork/Deep_learning/VANSH_WORK/Internship/old/dataset/DRealSR-20231109T095957Z-004/DRealSR/Test_x4/LR/dreal4_73.png,2816.606201171875,16.997991290416756,0.0393902622163295,-25.132796531669477,-0.8537192940711975,0.1160940304398536,0.1538772583007812,25.132796531669477,0.8537192940711975,-25.132796531669477,-0.8537192940711975
HAT,panasonic_60,/data/projectwork/sr_output/HAT_inference/DReal_x4/visualization/DReal_x4/panasonic_60_x1_DReal_x4.png,/home/projectwork/Deep_learning/VANSH_WORK/Internship/old/dataset/DRealSR-20231109T095957Z-004/DRealSR/Test_x4/HR/panasonic_60_x4.png,/home/projectwork/Deep_learning/VANSH_WORK/Internship/old/dataset/DRealSR-20231109T095957Z-004/DRealSR/Test_x4/LR/dreal4_74.png,2815.434326171875,5.7251257883496285,0.0259803663939237,-27.783780540950364,-0.7874022324879965,0.2219838052988052,0.1837877035140991,27.783780540950364,0.7874022324879965,-27.783780540950364,-0.7874022324879965
HAT,panasonic_62,/data/projectwork/sr_output/HAT_inference/DReal_x4/visualization/DReal_x4/panasonic_62_x1_DReal_x4.png,/home/projectwork/Deep_learning/VANSH_WORK/Internship/old/dataset/DRealSR-20231109T095957Z-004/DRealSR/Test_x4/HR/panasonic_62_x4.png,/home/projectwork/Deep_learning/VANSH_WORK/Internship/old/dataset/DRealSR-20231109T095957Z-004/DRealSR/Test_x4/LR/dreal4_75.png,2817.84619140625,8.61074481637047,0.0165104959160089,-33.46214341676727,-0.8466353615125021,0.3158261775970459,0.2594169378280639,33.46214341676727,0.8466353615125021,-33.46214341676727,-0.8466353615125021
HAT,panasonic_85,/data/projectwork/sr_output/HAT_inference/DReal_x4/visualization/DReal_x4/panasonic_85_x1_DReal_x4.png,/home/projectwork/Deep_learning/VANSH_WORK/Internship/old/dataset/DRealSR-20231109T095957Z-004/DRealSR/Test_x4/HR/panasonic_85_x4.png,/home/projectwork/Deep_learning/VANSH_WORK/Internship/old/dataset/DRealSR-20231109T095957Z-004/DRealSR/Test_x4/LR/dreal4_76.png,2809.578857421875,5.646992029603963,0.0168767888098955,-28.736931121719515,-0.7816760540008545,0.3306797444820404,0.3256949782371521,28.736931121719515,0.7816760540008545,-28.736931121719515,-0.7816760540008545
HAT,sony_1,/data/projectwork/sr_output/HAT_inference/DReal_x4/visualization/DReal_x4/sony_1_x1_DReal_x4.png,/home/projectwork/Deep_learning/VANSH_WORK/Internship/old/dataset/DRealSR-20231109T095957Z-004/DRealSR/Test_x4/HR/sony_1_x4.png,/home/projectwork/Deep_learning/VANSH_WORK/Internship/old/dataset/DRealSR-20231109T095957Z-004/DRealSR/Test_x4/LR/dreal4_88.png,2812.0205078125,7.97635152893672,0.0400146655738353,-22.95967092988172,-0.6748151779174805,0.505352258682251,0.2549532651901245,22.95967092988172,0.6748151779174805,-22.95967092988172,-0.6748151779174805
HAT,sony_100,/data/projectwork/sr_output/HAT_inference/DReal_x4/visualization/DReal_x4/sony_100_x1_DReal_x4.png,/home/projectwork/Deep_learning/VANSH_WORK/Internship/old/dataset/DRealSR-20231109T095957Z-004/DRealSR/Test_x4/HR/sony_100_x4.png,/home/projectwork/Deep_learning/VANSH_WORK/Internship/old/dataset/DRealSR-20231109T095957Z-004/DRealSR/Test_x4/LR/dreal4_77.png,2810.25390625,7.776360270304327,0.0254237707704305,-25.99432490632941,-0.8126042087872823,0.2095900177955627,0.1944605112075805,25.99432490632941,0.8126042087872823,-25.99432490632941,-0.8126042087872823
HAT,sony_107,/data/projectwork/sr_output/HAT_inference/DReal_x4/visualization/DReal_x4/sony_107_x1_DReal_x4.png,/home/projectwork/Deep_learning/VANSH_WORK/Internship/old/dataset/DRealSR-20231109T095957Z-004/DRealSR/Test_x4/HR/sony_107_x4.png,/home/projectwork/Deep_learning/VANSH_WORK/Internship/old/dataset/DRealSR-20231109T095957Z-004/DRealSR/Test_x4/LR/dreal4_78.png,2812.603515625,9.970256657628395,0.021493561565876,-24.968620812448982,-0.8144233624140421,0.1878377795219421,0.2083001136779785,24.968620812448982,0.8144233624140421,-24.968620812448982,-0.8144233624140421
HAT,sony_11,/data/projectwork/sr_output/HAT_inference/DReal_x4/visualization/DReal_x4/sony_11_x1_DReal_x4.png,/home/projectwork/Deep_learning/VANSH_WORK/Internship/old/dataset/DRealSR-20231109T095957Z-004/DRealSR/Test_x4/HR/sony_11_x4.png,/home/projectwork/Deep_learning/VANSH_WORK/Internship/old/dataset/DRealSR-20231109T095957Z-004/DRealSR/Test_x4/LR/dreal4_80.png,2812.181884765625,6.559423067821274,0.0139330783858895,-28.00759503007409,-0.6952195962270101,0.2388330549001693,0.1992728114128112,28.00759503007409,0.6952195962270101,-28.00759503007409,-0.6952195962270101
HAT,sony_116,/data/projectwork/sr_output/HAT_inference/DReal_x4/visualization/DReal_x4/sony_116_x1_DReal_x4.png,/home/projectwork/Deep_learning/VANSH_WORK/Internship/old/dataset/DRealSR-20231109T095957Z-004/DRealSR/Test_x4/HR/sony_116_x4.png,/home/projectwork/Deep_learning/VANSH_WORK/Internship/old/dataset/DRealSR-20231109T095957Z-004/DRealSR/Test_x4/LR/dreal4_79.png,2817.70947265625,8.39875680202484,0.0193607099354267,-31.80255587228292,-0.8405821522076925,0.1502050757408142,0.1554438471794128,31.80255587228292,0.8405821522076925,-31.80255587228292,-0.8405821522076925
HAT,sony_120,/data/projectwork/sr_output/HAT_inference/DReal_x4/visualization/DReal_x4/sony_120_x1_DReal_x4.png,/home/projectwork/Deep_learning/VANSH_WORK/Internship/old/dataset/DRealSR-20231109T095957Z-004/DRealSR/Test_x4/HR/sony_120_x4.png,/home/projectwork/Deep_learning/VANSH_WORK/Internship/old/dataset/DRealSR-20231109T095957Z-004/DRealSR/Test_x4/LR/dreal4_81.png,2809.94677734375,7.175915389645732,0.0313881449401378,-23.29766266996628,-0.7836177150408427,0.1564867794513702,0.1602447032928466,23.29766266996628,0.7836177150408427,-23.29766266996628,-0.7836177150408427
HAT,sony_129,/data/projectwork/sr_output/HAT_inference/DReal_x4/visualization/DReal_x4/sony_129_x1_DReal_x4.png,/home/projectwork/Deep_learning/VANSH_WORK/Internship/old/dataset/DRealSR-20231109T095957Z-004/DRealSR/Test_x4/HR/sony_129_x4.png,/home/projectwork/Deep_learning/VANSH_WORK/Internship/old/dataset/DRealSR-20231109T095957Z-004/DRealSR/Test_x4/LR/dreal4_82.png,2801.094482421875,6.394578207253492,0.0419675298035144,-22.215614325018905,-0.4690605998039245,0.3812846541404724,0.2134304046630859,22.215614325018905,0.4690605998039245,-22.215614325018905,-0.4690605998039245
HAT,sony_158,/data/projectwork/sr_output/HAT_inference/DReal_x4/visualization/DReal_x4/sony_158_x1_DReal_x4.png,/home/projectwork/Deep_learning/VANSH_WORK/Internship/old/dataset/DRealSR-20231109T095957Z-004/DRealSR/Test_x4/HR/sony_158_x4.png,/home/projectwork/Deep_learning/VANSH_WORK/Internship/old/dataset/DRealSR-20231109T095957Z-004/DRealSR/Test_x4/LR/dreal4_83.png,2817.40771484375,12.930487491717638,0.0279629323631525,-39.23136172762902,-0.9461372097333272,0.1884320378303527,0.1186053156852722,39.23136172762902,0.9461372097333272,-39.23136172762902,-0.9461372097333272
HAT,sony_160,/data/projectwork/sr_output/HAT_inference/DReal_x4/visualization/DReal_x4/sony_160_x1_DReal_x4.png,/home/projectwork/Deep_learning/VANSH_WORK/Internship/old/dataset/DRealSR-20231109T095957Z-004/DRealSR/Test_x4/HR/sony_160_x4.png,/home/projectwork/Deep_learning/VANSH_WORK/Internship/old/dataset/DRealSR-20231109T095957Z-004/DRealSR/Test_x4/LR/dreal4_84.png,2824.43115234375,16.555739472829753,0.0199190396815538,-38.39514317215841,-0.9789565006891886,0.0521781519055366,0.1652222871780395,38.39514317215841,0.9789565006891886,-38.39514317215841,-0.9789565006891886
HAT,sony_169,/data/projectwork/sr_output/HAT_inference/DReal_x4/visualization/DReal_x4/sony_169_x1_DReal_x4.png,/home/projectwork/Deep_learning/VANSH_WORK/Internship/old/dataset/DRealSR-20231109T095957Z-004/DRealSR/Test_x4/HR/sony_169_x4.png,/home/projectwork/Deep_learning/VANSH_WORK/Internship/old/dataset/DRealSR-20231109T095957Z-004/DRealSR/Test_x4/LR/dreal4_85.png,2812.69287109375,15.685809343057766,0.0476506799459457,-20.285706218843053,-0.6917914152145386,0.1618057340383529,0.1572180390357971,20.285706218843053,0.6917914152145386,-20.285706218843053,-0.6917914152145386
HAT,sony_183,/data/projectwork/sr_output/HAT_inference/DReal_x4/visualization/DReal_x4/sony_183_x1_DReal_x4.png,/home/projectwork/Deep_learning/VANSH_WORK/Internship/old/dataset/DRealSR-20231109T095957Z-004/DRealSR/Test_x4/HR/sony_183_x4.png,/home/projectwork/Deep_learning/VANSH_WORK/Internship/old/dataset/DRealSR-20231109T095957Z-004/DRealSR/Test_x4/LR/dreal4_86.png,2818.52978515625,12.520730830982806,0.0214558448642492,-28.72281588873311,-0.9191428025563558,0.110331617295742,0.1994234919548034,28.72281588873311,0.9191428025563558,-28.72281588873311,-0.9191428025563558
HAT,sony_189,/data/projectwork/sr_output/HAT_inference/DReal_x4/visualization/DReal_x4/sony_189_x1_DReal_x4.png,/home/projectwork/Deep_learning/VANSH_WORK/Internship/old/dataset/DRealSR-20231109T095957Z-004/DRealSR/Test_x4/HR/sony_189_x4.png,/home/projectwork/Deep_learning/VANSH_WORK/Internship/old/dataset/DRealSR-20231109T095957Z-004/DRealSR/Test_x4/LR/dreal4_87.png,2835.4716796875,17.647463278818606,0.0202215779572725,-37.201275900563296,-0.9847004612286886,0.0339909456670284,0.1441940069198608,37.201275900563296,0.9847004612286886,-37.201275900563296,-0.9847004612286886
HAT,sony_49,/data/projectwork/sr_output/HAT_inference/DReal_x4/visualization/DReal_x4/sony_49_x1_DReal_x4.png,/home/projectwork/Deep_learning/VANSH_WORK/Internship/old/dataset/DRealSR-20231109T095957Z-004/DRealSR/Test_x4/HR/sony_49_x4.png,/home/projectwork/Deep_learning/VANSH_WORK/Internship/old/dataset/DRealSR-20231109T095957Z-004/DRealSR/Test_x4/LR/dreal4_89.png,2818.653076171875,10.5768296343133,0.0162007585167884,-33.512827772905844,-0.8693220615386963,0.3229104578495025,0.2420018911361694,33.512827772905844,0.8693220615386963,-33.512827772905844,-0.8693220615386963
HAT,sony_53,/data/projectwork/sr_output/HAT_inference/DReal_x4/visualization/DReal_x4/sony_53_x1_DReal_x4.png,/home/projectwork/Deep_learning/VANSH_WORK/Internship/old/dataset/DRealSR-20231109T095957Z-004/DRealSR/Test_x4/HR/sony_53_x4.png,/home/projectwork/Deep_learning/VANSH_WORK/Internship/old/dataset/DRealSR-20231109T095957Z-004/DRealSR/Test_x4/LR/dreal4_90.png,2814.835693359375,8.38672828751476,0.0319965109229087,-27.74491482549329,-0.7299694617589315,0.2405048310756683,0.2112865447998047,27.74491482549329,0.7299694617589315,-27.74491482549329,-0.7299694617589315
HAT,sony_54,/data/projectwork/sr_output/HAT_inference/DReal_x4/visualization/DReal_x4/sony_54_x1_DReal_x4.png,/home/projectwork/Deep_learning/VANSH_WORK/Internship/old/dataset/DRealSR-20231109T095957Z-004/DRealSR/Test_x4/HR/sony_54_x4.png,/home/projectwork/Deep_learning/VANSH_WORK/Internship/old/dataset/DRealSR-20231109T095957Z-004/DRealSR/Test_x4/LR/dreal4_91.png,2802.1787109375,11.600384590787458,0.0328173637390136,-25.608906324102072,-0.7241563598314921,0.3360303938388824,0.2822169065475464,25.608906324102072,0.7241563598314921,-25.608906324102072,-0.7241563598314921
HAT,sony_80,/data/projectwork/sr_output/HAT_inference/DReal_x4/visualization/DReal_x4/sony_80_x1_DReal_x4.png,/home/projectwork/Deep_learning/VANSH_WORK/Internship/old/dataset/DRealSR-20231109T095957Z-004/DRealSR/Test_x4/HR/sony_80_x4.png,/home/projectwork/Deep_learning/VANSH_WORK/Internship/old/dataset/DRealSR-20231109T095957Z-004/DRealSR/Test_x4/LR/dreal4_92.png,2806.500244140625,7.804270956461324,0.0309545658528804,-25.067205271903184,-0.4952838122844696,0.3002218604087829,0.2020877003669738,25.067205271903184,0.4952838122844696,-25.067205271903184,-0.4952838122844696
HAT,sony_82,/data/projectwork/sr_output/HAT_inference/DReal_x4/visualization/DReal_x4/sony_82_x1_DReal_x4.png,/home/projectwork/Deep_learning/VANSH_WORK/Internship/old/dataset/DRealSR-20231109T095957Z-004/DRealSR/Test_x4/HR/sony_82_x4.png,/home/projectwork/Deep_learning/VANSH_WORK/Internship/old/dataset/DRealSR-20231109T095957Z-004/DRealSR/Test_x4/LR/dreal4_93.png,2809.81005859375,7.508441668897621,0.0322832725942134,-26.200057722376464,-0.8048042058944702,0.2525679171085357,0.2033594846725464,26.200057722376464,0.8048042058944702,-26.200057722376464,-0.8048042058944702
