method,image_id,sr_path,hr_path,lr_path,D_WACV,NIQE,LR_content,PSNR,SSIM,LPIPS,DISTS
SwinSR,Canon_10,/data/projectwork/sr_output/swinIr_Inference/SwinIR_results/Dreal/DRealSR_all_x4_Canon_10_x1.png,/home/projectwork/Deep_learning/VANSH_WORK/Internship/old/dataset/DRealSR-20231109T095957Z-004/DRealSR/Test_x4/HR/Canon_10_x4.png,/home/projectwork/Deep_learning/VANSH_WORK/Internship/old/dataset/DRealSR-20231109T095957Z-004/DRealSR/Test_x4/LR/dreal4_1.png,2814.61279296875,5.361856397208855,0.05259406939148903,24.733573003188475,0.873681386311849,nan,nan
SwinSR,Canon_14,/data/projectwork/sr_output/swinIr_Inference/SwinIR_results/Dreal/DRealSR_all_x4_Canon_14_x1.png,/home/projectwork/Deep_learning/VANSH_WORK/Internship/old/dataset/DRealSR-20231109T095957Z-004/DRealSR/Test_x4/HR/Canon_14_x4.png,/home/projectwork/Deep_learning/VANSH_WORK/Internship/old/dataset/DRealSR-20231109T095957Z-004/DRealSR/Test_x4/LR/dreal4_2.png,2820.55517578125,4.353520454125879,0.032475341111421585,27.06546667432733,0.8844194014867147,nan,nan
SwinSR,Canon_40,/data/projectwork/sr_output/swinIr_Inference/SwinIR_results/Dreal/DRealSR_all_x4_Canon_40_x1.png,/home/projectwork/Deep_learning/VANSH_WORK/Internship/old/dataset/DRealSR-20231109T095957Z-004/DRealSR/Test_x4/HR/Canon_40_x4.png,/home/projectwork/Deep_learning/VANSH_WORK/Internship/old/dataset/DRealSR-20231109T095957Z-004/DRealSR/Test_x4/LR/dreal4_3.png,2815.32275390625,3.800975058874627,0.04573835805058479,24.446922325247836,0.8308066924413046,nan,nan
SwinSR,Canon_42,/data/projectwork/sr_output/swinIr_Inference/SwinIR_results/Dreal/DRealSR_all_x4_Canon_42_x1.png,/home/projectwork/Deep_learning/VANSH_WORK/Internship/old/dataset/DRealSR-20231109T095957Z-004/DRealSR/Test_x4/HR/Canon_42_x4.png,/home/projectwork/Deep_learning/VANSH_WORK/Internship/old/dataset/DRealSR-20231109T095957Z-004/DRealSR/Test_x4/LR/dreal4_4.png,2813.556396484375,3.8925119151881966,0.04005982726812363,23.95273442605653,0.7950504422187805,nan,nan
SwinSR,Canon_56,/data/projectwork/sr_output/swinIr_Inference/SwinIR_results/Dreal/DRealSR_all_x4_Canon_56_x1.png,/home/projectwork/Deep_learning/VANSH_WORK/Internship/old/dataset/DRealSR-20231109T095957Z-004/DRealSR/Test_x4/HR/Canon_56_x4.png,/home/projectwork/Deep_learning/VANSH_WORK/Internship/old/dataset/DRealSR-20231109T095957Z-004/DRealSR/Test_x4/LR/dreal4_5.png,2818.7421875,6.59534359173696,0.017610283568501472,32.489126492933764,0.921188235282898,nan,nan
SwinSR,DSC_0988,/data/projectwork/sr_output/swinIr_Inference/SwinIR_results/Dreal/DRealSR_all_x4_DSC_0988_x1.png,/home/projectwork/Deep_learning/VANSH_WORK/Internship/old/dataset/DRealSR-20231109T095957Z-004/DRealSR/Test_x4/HR/DSC_0988_x4.png,/home/projectwork/Deep_learning/VANSH_WORK/Internship/old/dataset/DRealSR-20231109T095957Z-004/DRealSR/Test_x4/LR/dreal4_6.png,2832.90283203125,5.733307575286202,0.025335650891065598,29.135130954651515,0.9034240245819092,nan,nan
SwinSR,DSC_1045,/data/projectwork/sr_output/swinIr_Inference/SwinIR_results/Dreal/DRealSR_all_x4_DSC_1045_x1.png,/home/projectwork/Deep_learning/VANSH_WORK/Internship/old/dataset/DRealSR-20231109T095957Z-004/DRealSR/Test_x4/HR/DSC_1045_x4.png,/home/projectwork/Deep_learning/VANSH_WORK/Internship/old/dataset/DRealSR-20231109T095957Z-004/DRealSR/Test_x4/LR/dreal4_7.png,2811.865966796875,5.4524487182599835,0.02486027590930462,28.012512983414616,0.86325736840566,nan,nan
SwinSR,DSC_1057,/data/projectwork/sr_output/swinIr_Inference/SwinIR_results/Dreal/DRealSR_all_x4_DSC_1057_x1.png,/home/projectwork/Deep_learning/VANSH_WORK/Internship/old/dataset/DRealSR-20231109T095957Z-004/DRealSR/Test_x4/HR/DSC_1057_x4.png,/home/projectwork/Deep_learning/VANSH_WORK/Internship/old/dataset/DRealSR-20231109T095957Z-004/DRealSR/Test_x4/LR/dreal4_8.png,2821.107666015625,6.679337963675134,0.019193343818187714,29.240364986594667,0.9034400582313538,nan,nan
SwinSR,DSC_1137,/data/projectwork/sr_output/swinIr_Inference/SwinIR_results/Dreal/DRealSR_all_x4_DSC_1137_x1.png,/home/projectwork/Deep_learning/VANSH_WORK/Internship/old/dataset/DRealSR-20231109T095957Z-004/DRealSR/Test_x4/HR/DSC_1137_x4.png,/home/projectwork/Deep_learning/VANSH_WORK/Internship/old/dataset/DRealSR-20231109T095957Z-004/DRealSR/Test_x4/LR/dreal4_9.png,2811.18603515625,3.9729387697612437,0.035275932401418686,24.940034972137823,0.7392374475797018,nan,nan
SwinSR,DSC_1233,/data/projectwork/sr_output/swinIr_Inference/SwinIR_results/Dreal/DRealSR_all_x4_DSC_1233_x1.png,/home/projectwork/Deep_learning/VANSH_WORK/Internship/old/dataset/DRealSR-20231109T095957Z-004/DRealSR/Test_x4/HR/DSC_1233_x4.png,/home/projectwork/Deep_learning/VANSH_WORK/Internship/old/dataset/DRealSR-20231109T095957Z-004/DRealSR/Test_x4/LR/dreal4_10.png,2808.7900390625,4.654419661129565,0.03513401746749878,26.226267824341175,0.8636681040128072,nan,nan
SwinSR,DSC_1241,/data/projectwork/sr_output/swinIr_Inference/SwinIR_results/Dreal/DRealSR_all_x4_DSC_1241_x1.png,/home/projectwork/Deep_learning/VANSH_WORK/Internship/old/dataset/DRealSR-20231109T095957Z-004/DRealSR/Test_x4/HR/DSC_1241_x4.png,/home/projectwork/Deep_learning/VANSH_WORK/Internship/old/dataset/DRealSR-20231109T095957Z-004/DRealSR/Test_x4/LR/dreal4_11.png,2816.180908203125,3.3272256180357003,0.037228211760520935,24.484714892748705,0.81437087059021,nan,nan
SwinSR,DSC_1245,/data/projectwork/sr_output/swinIr_Inference/SwinIR_results/Dreal/DRealSR_all_x4_DSC_1245_x1.png,/home/projectwork/Deep_learning/VANSH_WORK/Internship/old/dataset/DRealSR-20231109T095957Z-004/DRealSR/Test_x4/HR/DSC_1245_x4.png,/home/projectwork/Deep_learning/VANSH_WORK/Internship/old/dataset/DRealSR-20231109T095957Z-004/DRealSR/Test_x4/LR/dreal4_12.png,2822.76318359375,6.362677939337168,0.016787266358733177,32.51161462583404,0.9144127567609152,nan,nan
SwinSR,DSC_1265,/data/projectwork/sr_output/swinIr_Inference/SwinIR_results/Dreal/DRealSR_all_x4_DSC_1265_x1.png,/home/projectwork/Deep_learning/VANSH_WORK/Internship/old/dataset/DRealSR-20231109T095957Z-004/DRealSR/Test_x4/HR/DSC_1265_x4.png,/home/projectwork/Deep_learning/VANSH_WORK/Internship/old/dataset/DRealSR-20231109T095957Z-004/DRealSR/Test_x4/LR/dreal4_13.png,2830.852783203125,4.80504707850246,0.020267410203814507,30.93754466128172,0.893136998017629,nan,nan
SwinSR,DSC_1286,/data/projectwork/sr_output/swinIr_Inference/SwinIR_results/Dreal/DRealSR_all_x4_DSC_1286_x1.png,/home/projectwork/Deep_learning/VANSH_WORK/Internship/old/dataset/DRealSR-20231109T095957Z-004/DRealSR/Test_x4/HR/DSC_1286_x4.png,/home/projectwork/Deep_learning/VANSH_WORK/Internship/old/dataset/DRealSR-20231109T095957Z-004/DRealSR/Test_x4/LR/dreal4_14.png,2804.236572265625,4.517594238571879,0.02370225451886654,29.491739349155985,0.8687574863433838,nan,nan
SwinSR,DSC_1326,/data/projectwork/sr_output/swinIr_Inference/SwinIR_results/Dreal/DRealSR_all_x4_DSC_1326_x1.png,/home/projectwork/Deep_learning/VANSH_WORK/Internship/old/dataset/DRealSR-20231109T095957Z-004/DRealSR/Test_x4/HR/DSC_1326_x4.png,/home/projectwork/Deep_learning/VANSH_WORK/Internship/old/dataset/DRealSR-20231109T095957Z-004/DRealSR/Test_x4/LR/dreal4_15.png,2793.277099609375,3.9122644460102296,0.03216954320669174,26.82471308986991,0.844607412815094,nan,nan
SwinSR,DSC_1404,/data/projectwork/sr_output/swinIr_Inference/SwinIR_results/Dreal/DRealSR_all_x4_DSC_1404_x1.png,/home/projectwork/Deep_learning/VANSH_WORK/Internship/old/dataset/DRealSR-20231109T095957Z-004/DRealSR/Test_x4/HR/DSC_1404_x4.png,/home/projectwork/Deep_learning/VANSH_WORK/Internship/old/dataset/DRealSR-20231109T095957Z-004/DRealSR/Test_x4/LR/dreal4_16.png,2814.750732421875,5.21956571185183,0.0801238939166069,20.05034248572465,0.6973393559455872,nan,nan
SwinSR,DSC_1412,/data/projectwork/sr_output/swinIr_Inference/SwinIR_results/Dreal/DRealSR_all_x4_DSC_1412_x1.png,/home/projectwork/Deep_learning/VANSH_WORK/Internship/old/dataset/DRealSR-20231109T095957Z-004/DRealSR/Test_x4/HR/DSC_1412_x4.png,/home/projectwork/Deep_learning/VANSH_WORK/Internship/old/dataset/DRealSR-20231109T095957Z-004/DRealSR/Test_x4/LR/dreal4_17.png,2814.90771484375,5.129625775609307,0.02586783654987812,29.287405150450216,0.8956774870554606,nan,nan
SwinSR,DSC_1425,/data/projectwork/sr_output/swinIr_Inference/SwinIR_results/Dreal/DRealSR_all_x4_DSC_1425_x1.png,/home/projectwork/Deep_learning/VANSH_WORK/Internship/old/dataset/DRealSR-20231109T095957Z-004/DRealSR/Test_x4/HR/DSC_1425_x4.png,/home/projectwork/Deep_learning/VANSH_WORK/Internship/old/dataset/DRealSR-20231109T095957Z-004/DRealSR/Test_x4/LR/dreal4_18.png,2821.84814453125,5.006177338421095,0.026056407019495964,25.40451399141517,0.8438796202341715,nan,nan
SwinSR,DSC_1454,/data/projectwork/sr_output/swinIr_Inference/SwinIR_results/Dreal/DRealSR_all_x4_DSC_1454_x1.png,/home/projectwork/Deep_learning/VANSH_WORK/Internship/old/dataset/DRealSR-20231109T095957Z-004/DRealSR/Test_x4/HR/DSC_1454_x4.png,/home/projectwork/Deep_learning/VANSH_WORK/Internship/old/dataset/DRealSR-20231109T095957Z-004/DRealSR/Test_x4/LR/dreal4_19.png,2799.176025390625,4.769789182142418,0.035889916121959686,25.155099117123775,0.76801864306132,nan,nan
SwinSR,DSC_1462,/data/projectwork/sr_output/swinIr_Inference/SwinIR_results/Dreal/DRealSR_all_x4_DSC_1462_x1.png,/home/projectwork/Deep_learning/VANSH_WORK/Internship/old/dataset/DRealSR-20231109T095957Z-004/DRealSR/Test_x4/HR/DSC_1462_x4.png,/home/projectwork/Deep_learning/VANSH_WORK/Internship/old/dataset/DRealSR-20231109T095957Z-004/DRealSR/Test_x4/LR/dreal4_20.png,2802.717041015625,4.825937668715899,0.03173491358757019,26.158827188777344,0.7903709212938944,nan,nan
SwinSR,DSC_1474,/data/projectwork/sr_output/swinIr_Inference/SwinIR_results/Dreal/DRealSR_all_x4_DSC_1474_x1.png,/home/projectwork/Deep_learning/VANSH_WORK/Internship/old/dataset/DRealSR-20231109T095957Z-004/DRealSR/Test_x4/HR/DSC_1474_x4.png,/home/projectwork/Deep_learning/VANSH_WORK/Internship/old/dataset/DRealSR-20231109T095957Z-004/DRealSR/Test_x4/LR/dreal4_21.png,2803.948486328125,4.726129098906267,0.039824217557907104,23.732467469128466,0.8015140891075134,nan,nan
SwinSR,DSC_1575,/data/projectwork/sr_output/swinIr_Inference/SwinIR_results/Dreal/DRealSR_all_x4_DSC_1575_x1.png,/home/projectwork/Deep_learning/VANSH_WORK/Internship/old/dataset/DRealSR-20231109T095957Z-004/DRealSR/Test_x4/HR/DSC_1575_x4.png,/home/projectwork/Deep_learning/VANSH_WORK/Internship/old/dataset/DRealSR-20231109T095957Z-004/DRealSR/Test_x4/LR/dreal4_22.png,2803.208740234375,3.675576323767351,0.04226183891296387,21.84870708731859,0.574893573919932,nan,nan
SwinSR,DSC_1583,/data/projectwork/sr_output/swinIr_Inference/SwinIR_results/Dreal/DRealSR_all_x4_DSC_1583_x1.png,/home/projectwork/Deep_learning/VANSH_WORK/Internship/old/dataset/DRealSR-20231109T095957Z-004/DRealSR/Test_x4/HR/DSC_1583_x4.png,/home/projectwork/Deep_learning/VANSH_WORK/Internship/old/dataset/DRealSR-20231109T095957Z-004/DRealSR/Test_x4/LR/dreal4_23.png,2804.7001953125,6.256508903353058,0.03650776296854019,25.001842891390584,0.7638179659843445,nan,nan
SwinSR,DSC_1599,/data/projectwork/sr_output/swinIr_Inference/SwinIR_results/Dreal/DRealSR_all_x4_DSC_1599_x1.png,/home/projectwork/Deep_learning/VANSH_WORK/Internship/old/dataset/DRealSR-20231109T095957Z-004/DRealSR/Test_x4/HR/DSC_1599_x4.png,/home/projectwork/Deep_learning/VANSH_WORK/Internship/old/dataset/DRealSR-20231109T095957Z-004/DRealSR/Test_x4/LR/dreal4_24.png,2816.719482421875,6.304897470040902,0.02448716014623642,27.51674744079754,0.8476735750834147,nan,nan
SwinSR,DSC_1603,/data/projectwork/sr_output/swinIr_Inference/SwinIR_results/Dreal/DRealSR_all_x4_DSC_1603_x1.png,/home/projectwork/Deep_learning/VANSH_WORK/Internship/old/dataset/DRealSR-20231109T095957Z-004/DRealSR/Test_x4/HR/DSC_1603_x4.png,/home/projectwork/Deep_learning/VANSH_WORK/Internship/old/dataset/DRealSR-20231109T095957Z-004/DRealSR/Test_x4/LR/dreal4_25.png,2807.976318359375,6.664781959945984,0.03806287422776222,23.515520707738112,0.7477713028589884,nan,nan
SwinSR,IMG_107,/data/projectwork/sr_output/swinIr_Inference/SwinIR_results/Dreal/DRealSR_all_x4_IMG_107_x1.png,/home/projectwork/Deep_learning/VANSH_WORK/Internship/old/dataset/DRealSR-20231109T095957Z-004/DRealSR/Test_x4/HR/IMG_107_x4.png,/home/projectwork/Deep_learning/VANSH_WORK/Internship/old/dataset/DRealSR-20231109T095957Z-004/DRealSR/Test_x4/LR/dreal4_26.png,2824.07177734375,5.371577244089401,0.04161923751235008,24.806969941822878,0.8311973611513773,nan,nan
SwinSR,IMG_113,/data/projectwork/sr_output/swinIr_Inference/SwinIR_results/Dreal/DRealSR_all_x4_IMG_113_x1.png,/home/projectwork/Deep_learning/VANSH_WORK/Internship/old/dataset/DRealSR-20231109T095957Z-004/DRealSR/Test_x4/HR/IMG_113_x4.png,/home/projectwork/Deep_learning/VANSH_WORK/Internship/old/dataset/DRealSR-20231109T095957Z-004/DRealSR/Test_x4/LR/dreal4_27.png,2799.91064453125,4.4627922624431555,0.09765183180570602,18.226734833199522,0.536039133866628,nan,nan
SwinSR,IMG_118,/data/projectwork/sr_output/swinIr_Inference/SwinIR_results/Dreal/DRealSR_all_x4_IMG_118_x1.png,/home/projectwork/Deep_learning/VANSH_WORK/Internship/old/dataset/DRealSR-20231109T095957Z-004/DRealSR/Test_x4/HR/IMG_118_x4.png,/home/projectwork/Deep_learning/VANSH_WORK/Internship/old/dataset/DRealSR-20231109T095957Z-004/DRealSR/Test_x4/LR/dreal4_28.png,2800.542236328125,5.008799719069801,0.07585488259792328,18.40998981328886,0.6309994260470072,nan,nan
SwinSR,IMG_125,/data/projectwork/sr_output/swinIr_Inference/SwinIR_results/Dreal/DRealSR_all_x4_IMG_125_x1.png,/home/projectwork/Deep_learning/VANSH_WORK/Internship/old/dataset/DRealSR-20231109T095957Z-004/DRealSR/Test_x4/HR/IMG_125_x4.png,/home/projectwork/Deep_learning/VANSH_WORK/Internship/old/dataset/DRealSR-20231109T095957Z-004/DRealSR/Test_x4/LR/dreal4_29.png,2812.27294921875,3.8608346752728355,0.07377900928258896,20.910546194718993,0.7357643246650696,nan,nan
SwinSR,IMG_130,/data/projectwork/sr_output/swinIr_Inference/SwinIR_results/Dreal/DRealSR_all_x4_IMG_130_x1.png,/home/projectwork/Deep_learning/VANSH_WORK/Internship/old/dataset/DRealSR-20231109T095957Z-004/DRealSR/Test_x4/HR/IMG_130_x4.png,/home/projectwork/Deep_learning/VANSH_WORK/Internship/old/dataset/DRealSR-20231109T095957Z-004/DRealSR/Test_x4/LR/dreal4_30.png,2813.351318359375,5.480518649606286,0.04014992713928223,25.29839477441491,0.8278477986653646,nan,nan
SwinSR,IMG_140,/data/projectwork/sr_output/swinIr_Inference/SwinIR_results/Dreal/DRealSR_all_x4_IMG_140_x1.png,/home/projectwork/Deep_learning/VANSH_WORK/Internship/old/dataset/DRealSR-20231109T095957Z-004/DRealSR/Test_x4/HR/IMG_140_x4.png,/home/projectwork/Deep_learning/VANSH_WORK/Internship/old/dataset/DRealSR-20231109T095957Z-004/DRealSR/Test_x4/LR/dreal4_31.png,2821.765625,6.018466570483622,0.023742275312542915,30.07976137100721,0.9036712447802225,nan,nan
SwinSR,IMG_143,/data/projectwork/sr_output/swinIr_Inference/SwinIR_results/Dreal/DRealSR_all_x4_IMG_143_x1.png,/home/projectwork/Deep_learning/VANSH_WORK/Internship/old/dataset/DRealSR-20231109T095957Z-004/DRealSR/Test_x4/HR/IMG_143_x4.png,/home/projectwork/Deep_learning/VANSH_WORK/Internship/old/dataset/DRealSR-20231109T095957Z-004/DRealSR/Test_x4/LR/dreal4_32.png,2806.55126953125,5.3041393446752245,0.06558158993721008,20.76104999780494,0.58873583873113,nan,nan
SwinSR,IMG_150,/data/projectwork/sr_output/swinIr_Inference/SwinIR_results/Dreal/DRealSR_all_x4_IMG_150_x1.png,/home/projectwork/Deep_learning/VANSH_WORK/Internship/old/dataset/DRealSR-20231109T095957Z-004/DRealSR/Test_x4/HR/IMG_150_x4.png,/home/projectwork/Deep_learning/VANSH_WORK/Internship/old/dataset/DRealSR-20231109T095957Z-004/DRealSR/Test_x4/LR/dreal4_33.png,2801.759521484375,4.368543553582535,0.08812568336725235,18.915445184513956,0.7076356609662374,nan,nan
SwinSR,IMG_181,/data/projectwork/sr_output/swinIr_Inference/SwinIR_results/Dreal/DRealSR_all_x4_IMG_181_x1.png,/home/projectwork/Deep_learning/VANSH_WORK/Internship/old/dataset/DRealSR-20231109T095957Z-004/DRealSR/Test_x4/HR/IMG_181_x4.png,/home/projectwork/Deep_learning/VANSH_WORK/Internship/old/dataset/DRealSR-20231109T095957Z-004/DRealSR/Test_x4/LR/dreal4_34.png,2806.4140625,4.92421070852776,0.04926583915948868,23.368343648353722,0.7947544852892557,nan,nan
SwinSR,IMG_190,/data/projectwork/sr_output/swinIr_Inference/SwinIR_results/Dreal/DRealSR_all_x4_IMG_190_x1.png,/home/projectwork/Deep_learning/VANSH_WORK/Internship/old/dataset/DRealSR-20231109T095957Z-004/DRealSR/Test_x4/HR/IMG_190_x4.png,/home/projectwork/Deep_learning/VANSH_WORK/Internship/old/dataset/DRealSR-20231109T095957Z-004/DRealSR/Test_x4/LR/dreal4_35.png,2821.130859375,4.975990954992963,0.028851188719272614,26.495014164964893,0.815035343170166,nan,nan
SwinSR,IMG_203,/data/projectwork/sr_output/swinIr_Inference/SwinIR_results/Dreal/DRealSR_all_x4_IMG_203_x1.png,/home/projectwork/Deep_learning/VANSH_WORK/Internship/old/dataset/DRealSR-20231109T095957Z-004/DRealSR/Test_x4/HR/IMG_203_x4.png,/home/projectwork/Deep_learning/VANSH_WORK/Internship/old/dataset/DRealSR-20231109T095957Z-004/DRealSR/Test_x4/LR/dreal4_36.png,2804.148193359375,6.02034409745363,0.027357593178749084,30.084547954212457,0.9220504760742188,nan,nan
SwinSR,IMG_210,/data/projectwork/sr_output/swinIr_Inference/SwinIR_results/Dreal/DRealSR_all_x4_IMG_210_x1.png,/home/projectwork/Deep_learning/VANSH_WORK/Internship/old/dataset/DRealSR-20231109T095957Z-004/DRealSR/Test_x4/HR/IMG_210_x4.png,/home/projectwork/Deep_learning/VANSH_WORK/Internship/old/dataset/DRealSR-20231109T095957Z-004/DRealSR/Test_x4/LR/dreal4_37.png,2822.33984375,4.6418362505593365,0.021979693323373795,29.29021221929231,0.8914607961972555,nan,nan
SwinSR,P1140090,/data/projectwork/sr_output/swinIr_Inference/SwinIR_results/Dreal/DRealSR_all_x4_P1140090_x1.png,/home/projectwork/Deep_learning/VANSH_WORK/Internship/old/dataset/DRealSR-20231109T095957Z-004/DRealSR/Test_x4/HR/P1140090_x4.png,/home/projectwork/Deep_learning/VANSH_WORK/Internship/old/dataset/DRealSR-20231109T095957Z-004/DRealSR/Test_x4/LR/dreal4_38.png,2811.467041015625,3.100067105379043,0.04090321436524391,23.80989951911479,0.7373484969139099,nan,nan
SwinSR,P1140122,/data/projectwork/sr_output/swinIr_Inference/SwinIR_results/Dreal/DRealSR_all_x4_P1140122_x1.png,/home/projectwork/Deep_learning/VANSH_WORK/Internship/old/dataset/DRealSR-20231109T095957Z-004/DRealSR/Test_x4/HR/P1140122_x4.png,/home/projectwork/Deep_learning/VANSH_WORK/Internship/old/dataset/DRealSR-20231109T095957Z-004/DRealSR/Test_x4/LR/dreal4_39.png,2808.69873046875,2.9988410283158324,0.040159668773412704,24.747740483341328,0.6729341745376587,nan,nan
SwinSR,P1140126,/data/projectwork/sr_output/swinIr_Inference/SwinIR_results/Dreal/DRealSR_all_x4_P1140126_x1.png,/home/projectwork/Deep_learning/VANSH_WORK/Internship/old/dataset/DRealSR-20231109T095957Z-004/DRealSR/Test_x4/HR/P1140126_x4.png,/home/projectwork/Deep_learning/VANSH_WORK/Internship/old/dataset/DRealSR-20231109T095957Z-004/DRealSR/Test_x4/LR/dreal4_40.png,2808.205322265625,2.9125930486271274,0.0379549004137516,24.65303200348053,0.6800273656845093,nan,nan
SwinSR,P1140134,/data/projectwork/sr_output/swinIr_Inference/SwinIR_results/Dreal/DRealSR_all_x4_P1140134_x1.png,/home/projectwork/Deep_learning/VANSH_WORK/Internship/old/dataset/DRealSR-20231109T095957Z-004/DRealSR/Test_x4/HR/P1140134_x4.png,/home/projectwork/Deep_learning/VANSH_WORK/Internship/old/dataset/DRealSR-20231109T095957Z-004/DRealSR/Test_x4/LR/dreal4_41.png,2811.78173828125,4.310269056307322,0.045224741101264954,22.11692544312694,0.734531025091807,nan,nan
SwinSR,P1140138,/data/projectwork/sr_output/swinIr_Inference/SwinIR_results/Dreal/DRealSR_all_x4_P1140138_x1.png,/home/projectwork/Deep_learning/VANSH_WORK/Internship/old/dataset/DRealSR-20231109T095957Z-004/DRealSR/Test_x4/HR/P1140138_x4.png,/home/projectwork/Deep_learning/VANSH_WORK/Internship/old/dataset/DRealSR-20231109T095957Z-004/DRealSR/Test_x4/LR/dreal4_42.png,2805.646728515625,4.4060935759407736,0.03374214470386505,24.595378553259536,0.690954327583313,nan,nan
SwinSR,P1140177,/data/projectwork/sr_output/swinIr_Inference/SwinIR_results/Dreal/DRealSR_all_x4_P1140177_x1.png,/home/projectwork/Deep_learning/VANSH_WORK/Internship/old/dataset/DRealSR-20231109T095957Z-004/DRealSR/Test_x4/HR/P1140177_x4.png,/home/projectwork/Deep_learning/VANSH_WORK/Internship/old/dataset/DRealSR-20231109T095957Z-004/DRealSR/Test_x4/LR/dreal4_43.png,2809.628662109375,3.1442384553278813,0.02757912315428257,26.36470911344488,0.6544338663419088,nan,nan
SwinSR,P1140189,/data/projectwork/sr_output/swinIr_Inference/SwinIR_results/Dreal/DRealSR_all_x4_P1140189_x1.png,/home/projectwork/Deep_learning/VANSH_WORK/Internship/old/dataset/DRealSR-20231109T095957Z-004/DRealSR/Test_x4/HR/P1140189_x4.png,/home/projectwork/Deep_learning/VANSH_WORK/Internship/old/dataset/DRealSR-20231109T095957Z-004/DRealSR/Test_x4/LR/dreal4_44.png,2818.470458984375,2.7288609803584603,0.028636792674660683,25.462898699836902,0.6584435304005941,nan,nan
SwinSR,P1140279,/data/projectwork/sr_output/swinIr_Inference/SwinIR_results/Dreal/DRealSR_all_x4_P1140279_x1.png,/home/projectwork/Deep_learning/VANSH_WORK/Internship/old/dataset/DRealSR-20231109T095957Z-004/DRealSR/Test_x4/HR/P1140279_x4.png,/home/projectwork/Deep_learning/VANSH_WORK/Internship/old/dataset/DRealSR-20231109T095957Z-004/DRealSR/Test_x4/LR/dreal4_45.png,2804.472412109375,3.441345529045524,0.028247680515050888,26.3562302594841,0.7082931200663248,nan,nan
SwinSR,P1140388,/data/projectwork/sr_output/swinIr_Inference/SwinIR_results/Dreal/DRealSR_all_x4_P1140388_x1.png,/home/projectwork/Deep_learning/VANSH_WORK/Internship/old/dataset/DRealSR-20231109T095957Z-004/DRealSR/Test_x4/HR/P1140388_x4.png,/home/projectwork/Deep_learning/VANSH_WORK/Internship/old/dataset/DRealSR-20231109T095957Z-004/DRealSR/Test_x4/LR/dreal4_46.png,2807.977294921875,3.666681385502167,0.023582857102155685,27.933808568551687,0.7719024419784546,nan,nan
SwinSR,P1140401,/data/projectwork/sr_output/swinIr_Inference/SwinIR_results/Dreal/DRealSR_all_x4_P1140401_x1.png,/home/projectwork/Deep_learning/VANSH_WORK/Internship/old/dataset/DRealSR-20231109T095957Z-004/DRealSR/Test_x4/HR/P1140401_x4.png,/home/projectwork/Deep_learning/VANSH_WORK/Internship/old/dataset/DRealSR-20231109T095957Z-004/DRealSR/Test_x4/LR/dreal4_47.png,2821.432861328125,3.6179640733156844,0.021249491721391678,27.69591670287975,0.7825119694073995,nan,nan
SwinSR,P1140417,/data/projectwork/sr_output/swinIr_Inference/SwinIR_results/Dreal/DRealSR_all_x4_P1140417_x1.png,/home/projectwork/Deep_learning/VANSH_WORK/Internship/old/dataset/DRealSR-20231109T095957Z-004/DRealSR/Test_x4/HR/P1140417_x4.png,/home/projectwork/Deep_learning/VANSH_WORK/Internship/old/dataset/DRealSR-20231109T095957Z-004/DRealSR/Test_x4/LR/dreal4_48.png,2801.421875,3.49690815536501,0.02867138758301735,25.80475885480674,0.7023262977600098,nan,nan
SwinSR,P1140434,/data/projectwork/sr_output/swinIr_Inference/SwinIR_results/Dreal/DRealSR_all_x4_P1140434_x1.png,/home/projectwork/Deep_learning/VANSH_WORK/Internship/old/dataset/DRealSR-20231109T095957Z-004/DRealSR/Test_x4/HR/P1140434_x4.png,/home/projectwork/Deep_learning/VANSH_WORK/Internship/old/dataset/DRealSR-20231109T095957Z-004/DRealSR/Test_x4/LR/dreal4_49.png,2811.36572265625,2.785464490304533,0.0388084277510643,24.453070672905675,0.6606613993644714,nan,nan
SwinSR,P1160566,/data/projectwork/sr_output/swinIr_Inference/SwinIR_results/Dreal/DRealSR_all_x4_P1160566_x1.png,/home/projectwork/Deep_learning/VANSH_WORK/Internship/old/dataset/DRealSR-20231109T095957Z-004/DRealSR/Test_x4/HR/P1160566_x4.png,/home/projectwork/Deep_learning/VANSH_WORK/Internship/old/dataset/DRealSR-20231109T095957Z-004/DRealSR/Test_x4/LR/dreal4_50.png,2825.005126953125,5.523645054246222,0.03530660644173622,25.93622057687787,0.9034124811490377,nan,nan
SwinSR,P1160646,/data/projectwork/sr_output/swinIr_Inference/SwinIR_results/Dreal/DRealSR_all_x4_P1160646_x1.png,/home/projectwork/Deep_learning/VANSH_WORK/Internship/old/dataset/DRealSR-20231109T095957Z-004/DRealSR/Test_x4/HR/P1160646_x4.png,/home/projectwork/Deep_learning/VANSH_WORK/Internship/old/dataset/DRealSR-20231109T095957Z-004/DRealSR/Test_x4/LR/dreal4_51.png,2799.03759765625,4.189299478352343,0.02097763866186142,29.85394897282019,0.8634328444798788,nan,nan
SwinSR,P1160772,/data/projectwork/sr_output/swinIr_Inference/SwinIR_results/Dreal/DRealSR_all_x4_P1160772_x1.png,/home/projectwork/Deep_learning/VANSH_WORK/Internship/old/dataset/DRealSR-20231109T095957Z-004/DRealSR/Test_x4/HR/P1160772_x4.png,/home/projectwork/Deep_learning/VANSH_WORK/Internship/old/dataset/DRealSR-20231109T095957Z-004/DRealSR/Test_x4/LR/dreal4_52.png,2810.87939453125,5.608305747446329,0.025766272097826004,27.695455709410446,0.8915696144104004,nan,nan
SwinSR,P1160776,/data/projectwork/sr_output/swinIr_Inference/SwinIR_results/Dreal/DRealSR_all_x4_P1160776_x1.png,/home/projectwork/Deep_learning/VANSH_WORK/Internship/old/dataset/DRealSR-20231109T095957Z-004/DRealSR/Test_x4/HR/P1160776_x4.png,/home/projectwork/Deep_learning/VANSH_WORK/Internship/old/dataset/DRealSR-20231109T095957Z-004/DRealSR/Test_x4/LR/dreal4_53.png,2818.8916015625,5.265887001802242,0.02614823915064335,27.094356627802107,0.8657103379567465,nan,nan
SwinSR,P1171010,/data/projectwork/sr_output/swinIr_Inference/SwinIR_results/Dreal/DRealSR_all_x4_P1171010_x1.png,/home/projectwork/Deep_learning/VANSH_WORK/Internship/old/dataset/DRealSR-20231109T095957Z-004/DRealSR/Test_x4/HR/P1171010_x4.png,/home/projectwork/Deep_learning/VANSH_WORK/Internship/old/dataset/DRealSR-20231109T095957Z-004/DRealSR/Test_x4/LR/dreal4_54.png,2823.041259765625,5.1498684076196755,0.03581986576318741,21.417606239306203,0.7366266051928202,nan,nan
SwinSR,P1171031,/data/projectwork/sr_output/swinIr_Inference/SwinIR_results/Dreal/DRealSR_all_x4_P1171031_x1.png,/home/projectwork/Deep_learning/VANSH_WORK/Internship/old/dataset/DRealSR-20231109T095957Z-004/DRealSR/Test_x4/HR/P1171031_x4.png,/home/projectwork/Deep_learning/VANSH_WORK/Internship/old/dataset/DRealSR-20231109T095957Z-004/DRealSR/Test_x4/LR/dreal4_55.png,2819.325439453125,5.258765226492997,0.025449203327298164,25.938870848937547,0.7809772888819376,nan,nan
SwinSR,P1171051,/data/projectwork/sr_output/swinIr_Inference/SwinIR_results/Dreal/DRealSR_all_x4_P1171051_x1.png,/home/projectwork/Deep_learning/VANSH_WORK/Internship/old/dataset/DRealSR-20231109T095957Z-004/DRealSR/Test_x4/HR/P1171051_x4.png,/home/projectwork/Deep_learning/VANSH_WORK/Internship/old/dataset/DRealSR-20231109T095957Z-004/DRealSR/Test_x4/LR/dreal4_56.png,2821.101806640625,5.305669100667712,0.02277965284883976,26.37928975565078,0.786530872186025,nan,nan
SwinSR,panasonic_103,/data/projectwork/sr_output/swinIr_Inference/SwinIR_results/Dreal/DRealSR_all_x4_panasonic_103_x1.png,/home/projectwork/Deep_learning/VANSH_WORK/Internship/old/dataset/DRealSR-20231109T095957Z-004/DRealSR/Test_x4/HR/panasonic_103_x4.png,/home/projectwork/Deep_learning/VANSH_WORK/Internship/old/dataset/DRealSR-20231109T095957Z-004/DRealSR/Test_x4/LR/dreal4_57.png,2801.5927734375,5.10042485303201,0.024730870500206947,29.67780755064731,0.8867212732632955,nan,nan
SwinSR,panasonic_123,/data/projectwork/sr_output/swinIr_Inference/SwinIR_results/Dreal/DRealSR_all_x4_panasonic_123_x1.png,/home/projectwork/Deep_learning/VANSH_WORK/Internship/old/dataset/DRealSR-20231109T095957Z-004/DRealSR/Test_x4/HR/panasonic_123_x4.png,/home/projectwork/Deep_learning/VANSH_WORK/Internship/old/dataset/DRealSR-20231109T095957Z-004/DRealSR/Test_x4/LR/dreal4_58.png,2817.609375,5.750490805668904,0.04280573129653931,24.497433037826863,0.7054019769032797,nan,nan
SwinSR,panasonic_128,/data/projectwork/sr_output/swinIr_Inference/SwinIR_results/Dreal/DRealSR_all_x4_panasonic_128_x1.png,/home/projectwork/Deep_learning/VANSH_WORK/Internship/old/dataset/DRealSR-20231109T095957Z-004/DRealSR/Test_x4/HR/panasonic_128_x4.png,/home/projectwork/Deep_learning/VANSH_WORK/Internship/old/dataset/DRealSR-20231109T095957Z-004/DRealSR/Test_x4/LR/dreal4_59.png,2813.608642578125,5.972616569172166,0.025537388399243355,31.18162096004494,0.9344050089518229,nan,nan
SwinSR,panasonic_132,/data/projectwork/sr_output/swinIr_Inference/SwinIR_results/Dreal/DRealSR_all_x4_panasonic_132_x1.png,/home/projectwork/Deep_learning/VANSH_WORK/Internship/old/dataset/DRealSR-20231109T095957Z-004/DRealSR/Test_x4/HR/panasonic_132_x4.png,/home/projectwork/Deep_learning/VANSH_WORK/Internship/old/dataset/DRealSR-20231109T095957Z-004/DRealSR/Test_x4/LR/dreal4_60.png,2812.32373046875,4.740591148171143,0.024938661605119705,29.779921511712555,0.8957491715749105,nan,nan
SwinSR,panasonic_145,/data/projectwork/sr_output/swinIr_Inference/SwinIR_results/Dreal/DRealSR_all_x4_panasonic_145_x1.png,/home/projectwork/Deep_learning/VANSH_WORK/Internship/old/dataset/DRealSR-20231109T095957Z-004/DRealSR/Test_x4/HR/panasonic_145_x4.png,/home/projectwork/Deep_learning/VANSH_WORK/Internship/old/dataset/DRealSR-20231109T095957Z-004/DRealSR/Test_x4/LR/dreal4_61.png,2794.721923828125,2.7565255174169385,0.05242491886019707,22.104884098589427,0.6158472498257955,nan,nan
SwinSR,panasonic_158,/data/projectwork/sr_output/swinIr_Inference/SwinIR_results/Dreal/DRealSR_all_x4_panasonic_158_x1.png,/home/projectwork/Deep_learning/VANSH_WORK/Internship/old/dataset/DRealSR-20231109T095957Z-004/DRealSR/Test_x4/HR/panasonic_158_x4.png,/home/projectwork/Deep_learning/VANSH_WORK/Internship/old/dataset/DRealSR-20231109T095957Z-004/DRealSR/Test_x4/LR/dreal4_62.png,2807.753173828125,5.218238489410815,0.018913596868515015,31.736720012975592,0.9220156868298849,nan,nan
SwinSR,panasonic_16,/data/projectwork/sr_output/swinIr_Inference/SwinIR_results/Dreal/DRealSR_all_x4_panasonic_16_x1.png,/home/projectwork/Deep_learning/VANSH_WORK/Internship/old/dataset/DRealSR-20231109T095957Z-004/DRealSR/Test_x4/HR/panasonic_16_x4.png,/home/projectwork/Deep_learning/VANSH_WORK/Internship/old/dataset/DRealSR-20231109T095957Z-004/DRealSR/Test_x4/LR/dreal4_63.png,2800.25244140625,4.2160980775477706,0.037118200212717056,27.188656351869266,0.8604098558425903,nan,nan
SwinSR,panasonic_182,/data/projectwork/sr_output/swinIr_Inference/SwinIR_results/Dreal/DRealSR_all_x4_panasonic_182_x1.png,/home/projectwork/Deep_learning/VANSH_WORK/Internship/old/dataset/DRealSR-20231109T095957Z-004/DRealSR/Test_x4/HR/panasonic_182_x4.png,/home/projectwork/Deep_learning/VANSH_WORK/Internship/old/dataset/DRealSR-20231109T095957Z-004/DRealSR/Test_x4/LR/dreal4_64.png,2799.160400390625,5.175406844025526,0.07151803374290466,19.213750479242254,0.49353107810020447,nan,nan
SwinSR,panasonic_187,/data/projectwork/sr_output/swinIr_Inference/SwinIR_results/Dreal/DRealSR_all_x4_panasonic_187_x1.png,/home/projectwork/Deep_learning/VANSH_WORK/Internship/old/dataset/DRealSR-20231109T095957Z-004/DRealSR/Test_x4/HR/panasonic_187_x4.png,/home/projectwork/Deep_learning/VANSH_WORK/Internship/old/dataset/DRealSR-20231109T095957Z-004/DRealSR/Test_x4/LR/dreal4_65.png,2794.253662109375,4.403466250484194,0.05835352838039398,18.53225889213786,0.6651878952980042,nan,nan
SwinSR,panasonic_196,/data/projectwork/sr_output/swinIr_Inference/SwinIR_results/Dreal/DRealSR_all_x4_panasonic_196_x1.png,/home/projectwork/Deep_learning/VANSH_WORK/Internship/old/dataset/DRealSR-20231109T095957Z-004/DRealSR/Test_x4/HR/panasonic_196_x4.png,/home/projectwork/Deep_learning/VANSH_WORK/Internship/old/dataset/DRealSR-20231109T095957Z-004/DRealSR/Test_x4/LR/dreal4_66.png,2804.1083984375,4.083181164986093,0.03630272299051285,25.548667630176986,0.7697106798489889,nan,nan
SwinSR,panasonic_197,/data/projectwork/sr_output/swinIr_Inference/SwinIR_results/Dreal/DRealSR_all_x4_panasonic_197_x1.png,/home/projectwork/Deep_learning/VANSH_WORK/Internship/old/dataset/DRealSR-20231109T095957Z-004/DRealSR/Test_x4/HR/panasonic_197_x4.png,/home/projectwork/Deep_learning/VANSH_WORK/Internship/old/dataset/DRealSR-20231109T095957Z-004/DRealSR/Test_x4/LR/dreal4_67.png,2806.42138671875,5.069942842101877,0.05031030625104904,22.763968825682692,0.6641402045885721,nan,nan
SwinSR,panasonic_202,/data/projectwork/sr_output/swinIr_Inference/SwinIR_results/Dreal/DRealSR_all_x4_panasonic_202_x1.png,/home/projectwork/Deep_learning/VANSH_WORK/Internship/old/dataset/DRealSR-20231109T095957Z-004/DRealSR/Test_x4/HR/panasonic_202_x4.png,/home/projectwork/Deep_learning/VANSH_WORK/Internship/old/dataset/DRealSR-20231109T095957Z-004/DRealSR/Test_x4/LR/dreal4_68.png,2811.890625,4.370583369699047,0.03615326061844826,25.061564186976963,0.7246967554092407,nan,nan
SwinSR,panasonic_206,/data/projectwork/sr_output/swinIr_Inference/SwinIR_results/Dreal/DRealSR_all_x4_panasonic_206_x1.png,/home/projectwork/Deep_learning/VANSH_WORK/Internship/old/dataset/DRealSR-20231109T095957Z-004/DRealSR/Test_x4/HR/panasonic_206_x4.png,/home/projectwork/Deep_learning/VANSH_WORK/Internship/old/dataset/DRealSR-20231109T095957Z-004/DRealSR/Test_x4/LR/dreal4_69.png,2817.03271484375,3.8765079203029,0.026347139850258827,25.850691998801643,0.785321831703186,nan,nan
SwinSR,panasonic_233,/data/projectwork/sr_output/swinIr_Inference/SwinIR_results/Dreal/DRealSR_all_x4_panasonic_233_x1.png,/home/projectwork/Deep_learning/VANSH_WORK/Internship/old/dataset/DRealSR-20231109T095957Z-004/DRealSR/Test_x4/HR/panasonic_233_x4.png,/home/projectwork/Deep_learning/VANSH_WORK/Internship/old/dataset/DRealSR-20231109T095957Z-004/DRealSR/Test_x4/LR/dreal4_70.png,2814.0966796875,4.3620006482422395,0.03674296289682388,25.23367614204819,0.7776856819788615,nan,nan
SwinSR,panasonic_43,/data/projectwork/sr_output/swinIr_Inference/SwinIR_results/Dreal/DRealSR_all_x4_panasonic_43_x1.png,/home/projectwork/Deep_learning/VANSH_WORK/Internship/old/dataset/DRealSR-20231109T095957Z-004/DRealSR/Test_x4/HR/panasonic_43_x4.png,/home/projectwork/Deep_learning/VANSH_WORK/Internship/old/dataset/DRealSR-20231109T095957Z-004/DRealSR/Test_x4/LR/dreal4_71.png,2801.498291015625,2.1446543959768256,0.041876863688230515,22.91943291418548,0.4908654789129893,nan,nan
SwinSR,panasonic_50,/data/projectwork/sr_output/swinIr_Inference/SwinIR_results/Dreal/DRealSR_all_x4_panasonic_50_x1.png,/home/projectwork/Deep_learning/VANSH_WORK/Internship/old/dataset/DRealSR-20231109T095957Z-004/DRealSR/Test_x4/HR/panasonic_50_x4.png,/home/projectwork/Deep_learning/VANSH_WORK/Internship/old/dataset/DRealSR-20231109T095957Z-004/DRealSR/Test_x4/LR/dreal4_72.png,2801.1484375,2.8920167821092786,0.044663798063993454,24.236927333734023,0.6971593499183655,nan,nan
SwinSR,panasonic_57,/data/projectwork/sr_output/swinIr_Inference/SwinIR_results/Dreal/DRealSR_all_x4_panasonic_57_x1.png,/home/projectwork/Deep_learning/VANSH_WORK/Internship/old/dataset/DRealSR-20231109T095957Z-004/DRealSR/Test_x4/HR/panasonic_57_x4.png,/home/projectwork/Deep_learning/VANSH_WORK/Internship/old/dataset/DRealSR-20231109T095957Z-004/DRealSR/Test_x4/LR/dreal4_73.png,2815.625244140625,2.180041574139636,0.051786262542009354,22.188993902179913,0.5465618968009949,nan,nan
SwinSR,panasonic_60,/data/projectwork/sr_output/swinIr_Inference/SwinIR_results/Dreal/DRealSR_all_x4_panasonic_60_x1.png,/home/projectwork/Deep_learning/VANSH_WORK/Internship/old/dataset/DRealSR-20231109T095957Z-004/DRealSR/Test_x4/HR/panasonic_60_x4.png,/home/projectwork/Deep_learning/VANSH_WORK/Internship/old/dataset/DRealSR-20231109T095957Z-004/DRealSR/Test_x4/LR/dreal4_74.png,2814.81787109375,3.3800317864629554,0.03157525882124901,27.316044585857814,0.8183336059252421,nan,nan
SwinSR,panasonic_62,/data/projectwork/sr_output/swinIr_Inference/SwinIR_results/Dreal/DRealSR_all_x4_panasonic_62_x1.png,/home/projectwork/Deep_learning/VANSH_WORK/Internship/old/dataset/DRealSR-20231109T095957Z-004/DRealSR/Test_x4/HR/panasonic_62_x4.png,/home/projectwork/Deep_learning/VANSH_WORK/Internship/old/dataset/DRealSR-20231109T095957Z-004/DRealSR/Test_x4/LR/dreal4_75.png,2817.58544921875,3.295980138456648,0.022759506478905678,29.406595454553383,0.8218186895052592,nan,nan
SwinSR,panasonic_85,/data/projectwork/sr_output/swinIr_Inference/SwinIR_results/Dreal/DRealSR_all_x4_panasonic_85_x1.png,/home/projectwork/Deep_learning/VANSH_WORK/Internship/old/dataset/DRealSR-20231109T095957Z-004/DRealSR/Test_x4/HR/panasonic_85_x4.png,/home/projectwork/Deep_learning/VANSH_WORK/Internship/old/dataset/DRealSR-20231109T095957Z-004/DRealSR/Test_x4/LR/dreal4_76.png,2809.557373046875,3.307196871965641,0.0225322674959898,28.069023658506328,0.819956640402476,nan,nan
SwinSR,sony_1,/data/projectwork/sr_output/swinIr_Inference/SwinIR_results/Dreal/DRealSR_all_x4_sony_1_x1.png,/home/projectwork/Deep_learning/VANSH_WORK/Internship/old/dataset/DRealSR-20231109T095957Z-004/DRealSR/Test_x4/HR/sony_1_x4.png,/home/projectwork/Deep_learning/VANSH_WORK/Internship/old/dataset/DRealSR-20231109T095957Z-004/DRealSR/Test_x4/LR/dreal4_88.png,2808.819580078125,3.9588477883936513,0.04526874050498009,16.34675337962311,0.5682780146598816,nan,nan
SwinSR,sony_100,/data/projectwork/sr_output/swinIr_Inference/SwinIR_results/Dreal/DRealSR_all_x4_sony_100_x1.png,/home/projectwork/Deep_learning/VANSH_WORK/Internship/old/dataset/DRealSR-20231109T095957Z-004/DRealSR/Test_x4/HR/sony_100_x4.png,/home/projectwork/Deep_learning/VANSH_WORK/Internship/old/dataset/DRealSR-20231109T095957Z-004/DRealSR/Test_x4/LR/dreal4_77.png,2808.39111328125,4.8838834678211045,0.029208535328507423,24.72109007179295,0.7730541030565897,nan,nan
SwinSR,sony_107,/data/projectwork/sr_output/swinIr_Inference/SwinIR_results/Dreal/DRealSR_all_x4_sony_107_x1.png,/home/projectwork/Deep_learning/VANSH_WORK/Internship/old/dataset/DRealSR-20231109T095957Z-004/DRealSR/Test_x4/HR/sony_107_x4.png,/home/projectwork/Deep_learning/VANSH_WORK/Internship/old/dataset/DRealSR-20231109T095957Z-004/DRealSR/Test_x4/LR/dreal4_78.png,2810.85546875,5.401428430604301,0.028258629143238068,23.681862252286145,0.7726371884346008,nan,nan
SwinSR,sony_11,/data/projectwork/sr_output/swinIr_Inference/SwinIR_results/Dreal/DRealSR_all_x4_sony_11_x1.png,/home/projectwork/Deep_learning/VANSH_WORK/Internship/old/dataset/DRealSR-20231109T095957Z-004/DRealSR/Test_x4/HR/sony_11_x4.png,/home/projectwork/Deep_learning/VANSH_WORK/Internship/old/dataset/DRealSR-20231109T095957Z-004/DRealSR/Test_x4/LR/dreal4_80.png,2810.33349609375,4.629975103378333,0.013881710357964039,31.33563103930748,0.8672139048576355,nan,nan
SwinSR,sony_116,/data/projectwork/sr_output/swinIr_Inference/SwinIR_results/Dreal/DRealSR_all_x4_sony_116_x1.png,/home/projectwork/Deep_learning/VANSH_WORK/Internship/old/dataset/DRealSR-20231109T095957Z-004/DRealSR/Test_x4/HR/sony_116_x4.png,/home/projectwork/Deep_learning/VANSH_WORK/Internship/old/dataset/DRealSR-20231109T095957Z-004/DRealSR/Test_x4/LR/dreal4_79.png,2821.96630859375,6.427068550146263,0.02051629312336445,29.674338874751868,0.8301691214243571,nan,nan
SwinSR,sony_120,/data/projectwork/sr_output/swinIr_Inference/SwinIR_results/Dreal/DRealSR_all_x4_sony_120_x1.png,/home/projectwork/Deep_learning/VANSH_WORK/Internship/old/dataset/DRealSR-20231109T095957Z-004/DRealSR/Test_x4/HR/sony_120_x4.png,/home/projectwork/Deep_learning/VANSH_WORK/Internship/old/dataset/DRealSR-20231109T095957Z-004/DRealSR/Test_x4/LR/dreal4_81.png,2811.973388671875,5.08234343469766,0.03681233525276184,24.246544043430166,0.7631610234578451,nan,nan
SwinSR,sony_129,/data/projectwork/sr_output/swinIr_Inference/SwinIR_results/Dreal/DRealSR_all_x4_sony_129_x1.png,/home/projectwork/Deep_learning/VANSH_WORK/Internship/old/dataset/DRealSR-20231109T095957Z-004/DRealSR/Test_x4/HR/sony_129_x4.png,/home/projectwork/Deep_learning/VANSH_WORK/Internship/old/dataset/DRealSR-20231109T095957Z-004/DRealSR/Test_x4/LR/dreal4_82.png,2801.8173828125,2.650432079037785,0.05644965544342995,20.640181198589946,0.4241778353850047,nan,nan
SwinSR,sony_158,/data/projectwork/sr_output/swinIr_Inference/SwinIR_results/Dreal/DRealSR_all_x4_sony_158_x1.png,/home/projectwork/Deep_learning/VANSH_WORK/Internship/old/dataset/DRealSR-20231109T095957Z-004/DRealSR/Test_x4/HR/sony_158_x4.png,/home/projectwork/Deep_learning/VANSH_WORK/Internship/old/dataset/DRealSR-20231109T095957Z-004/DRealSR/Test_x4/LR/dreal4_83.png,2816.966552734375,4.672029636673532,0.027728654444217682,28.080430559133983,0.8727366924285889,nan,nan
SwinSR,sony_160,/data/projectwork/sr_output/swinIr_Inference/SwinIR_results/Dreal/DRealSR_all_x4_sony_160_x1.png,/home/projectwork/Deep_learning/VANSH_WORK/Internship/old/dataset/DRealSR-20231109T095957Z-004/DRealSR/Test_x4/HR/sony_160_x4.png,/home/projectwork/Deep_learning/VANSH_WORK/Internship/old/dataset/DRealSR-20231109T095957Z-004/DRealSR/Test_x4/LR/dreal4_84.png,2824.070068359375,5.589229618482473,0.01614786684513092,31.691367978096938,0.9282086690266927,nan,nan
SwinSR,sony_169,/data/projectwork/sr_output/swinIr_Inference/SwinIR_results/Dreal/DRealSR_all_x4_sony_169_x1.png,/home/projectwork/Deep_learning/VANSH_WORK/Internship/old/dataset/DRealSR-20231109T095957Z-004/DRealSR/Test_x4/HR/sony_169_x4.png,/home/projectwork/Deep_learning/VANSH_WORK/Internship/old/dataset/DRealSR-20231109T095957Z-004/DRealSR/Test_x4/LR/dreal4_85.png,2808.794921875,6.072767664124601,0.05655643716454506,20.589750597243267,0.6375470757484436,nan,nan
SwinSR,sony_183,/data/projectwork/sr_output/swinIr_Inference/SwinIR_results/Dreal/DRealSR_all_x4_sony_183_x1.png,/home/projectwork/Deep_learning/VANSH_WORK/Internship/old/dataset/DRealSR-20231109T095957Z-004/DRealSR/Test_x4/HR/sony_183_x4.png,/home/projectwork/Deep_learning/VANSH_WORK/Internship/old/dataset/DRealSR-20231109T095957Z-004/DRealSR/Test_x4/LR/dreal4_86.png,2815.327392578125,6.311279301552944,0.025263777002692223,26.68720460873792,0.8560514251391093,nan,nan
SwinSR,sony_189,/data/projectwork/sr_output/swinIr_Inference/SwinIR_results/Dreal/DRealSR_all_x4_sony_189_x1.png,/home/projectwork/Deep_learning/VANSH_WORK/Internship/old/dataset/DRealSR-20231109T095957Z-004/DRealSR/Test_x4/HR/sony_189_x4.png,/home/projectwork/Deep_learning/VANSH_WORK/Internship/old/dataset/DRealSR-20231109T095957Z-004/DRealSR/Test_x4/LR/dreal4_87.png,2835.353759765625,5.86517020097097,0.015794748440384865,32.47912766523638,0.9428872664769491,nan,nan
SwinSR,sony_49,/data/projectwork/sr_output/swinIr_Inference/SwinIR_results/Dreal/DRealSR_all_x4_sony_49_x1.png,/home/projectwork/Deep_learning/VANSH_WORK/Internship/old/dataset/DRealSR-20231109T095957Z-004/DRealSR/Test_x4/HR/sony_49_x4.png,/home/projectwork/Deep_learning/VANSH_WORK/Internship/old/dataset/DRealSR-20231109T095957Z-004/DRealSR/Test_x4/LR/dreal4_89.png,2819.50146484375,4.111223743538981,0.018251867964863777,30.03618979900383,0.8398433923721313,nan,nan
SwinSR,sony_53,/data/projectwork/sr_output/swinIr_Inference/SwinIR_results/Dreal/DRealSR_all_x4_sony_53_x1.png,/home/projectwork/Deep_learning/VANSH_WORK/Internship/old/dataset/DRealSR-20231109T095957Z-004/DRealSR/Test_x4/HR/sony_53_x4.png,/home/projectwork/Deep_learning/VANSH_WORK/Internship/old/dataset/DRealSR-20231109T095957Z-004/DRealSR/Test_x4/LR/dreal4_90.png,2819.586181640625,3.4755126563668095,0.03212858736515045,26.04930391204155,0.8094917337099711,nan,nan
SwinSR,sony_54,/data/projectwork/sr_output/swinIr_Inference/SwinIR_results/Dreal/DRealSR_all_x4_sony_54_x1.png,/home/projectwork/Deep_learning/VANSH_WORK/Internship/old/dataset/DRealSR-20231109T095957Z-004/DRealSR/Test_x4/HR/sony_54_x4.png,/home/projectwork/Deep_learning/VANSH_WORK/Internship/old/dataset/DRealSR-20231109T095957Z-004/DRealSR/Test_x4/LR/dreal4_91.png,2805.16357421875,3.417514877159179,0.033596836030483246,25.84805805115684,0.7498696645100912,nan,nan
SwinSR,sony_80,/data/projectwork/sr_output/swinIr_Inference/SwinIR_results/Dreal/DRealSR_all_x4_sony_80_x1.png,/home/projectwork/Deep_learning/VANSH_WORK/Internship/old/dataset/DRealSR-20231109T095957Z-004/DRealSR/Test_x4/HR/sony_80_x4.png,/home/projectwork/Deep_learning/VANSH_WORK/Internship/old/dataset/DRealSR-20231109T095957Z-004/DRealSR/Test_x4/LR/dreal4_92.png,2807.16796875,3.3733046310957624,0.03355758637189865,25.803736407897127,0.7380995154380798,nan,nan
SwinSR,sony_82,/data/projectwork/sr_output/swinIr_Inference/SwinIR_results/Dreal/DRealSR_all_x4_sony_82_x1.png,/home/projectwork/Deep_learning/VANSH_WORK/Internship/old/dataset/DRealSR-20231109T095957Z-004/DRealSR/Test_x4/HR/sony_82_x4.png,/home/projectwork/Deep_learning/VANSH_WORK/Internship/old/dataset/DRealSR-20231109T095957Z-004/DRealSR/Test_x4/LR/dreal4_93.png,2811.472412109375,3.4348713631770567,0.035246457904577255,25.038456940215323,0.736359973748525,nan,nan
HAT,Canon_10,/data/projectwork/sr_output/HAT_inference/DReal_x4/visualization/DReal_x4/Canon_10_x1_DReal_x4.png,/home/projectwork/Deep_learning/VANSH_WORK/Internship/old/dataset/DRealSR-20231109T095957Z-004/DRealSR/Test_x4/HR/Canon_10_x4.png,/home/projectwork/Deep_learning/VANSH_WORK/Internship/old/dataset/DRealSR-20231109T095957Z-004/DRealSR/Test_x4/LR/dreal4_1.png,2810.975830078125,5.261521133613931,0.04692765697836876,25.703396758254957,0.86593629916509,nan,nan
HAT,Canon_14,/data/projectwork/sr_output/HAT_inference/DReal_x4/visualization/DReal_x4/Canon_14_x1_DReal_x4.png,/home/projectwork/Deep_learning/VANSH_WORK/Internship/old/dataset/DRealSR-20231109T095957Z-004/DRealSR/Test_x4/HR/Canon_14_x4.png,/home/projectwork/Deep_learning/VANSH_WORK/Internship/old/dataset/DRealSR-20231109T095957Z-004/DRealSR/Test_x4/LR/dreal4_2.png,2822.05810546875,4.7918731957159215,0.027803342789411545,28.19094572916146,0.8973161180814108,nan,nan
HAT,Canon_40,/data/projectwork/sr_output/HAT_inference/DReal_x4/visualization/DReal_x4/Canon_40_x1_DReal_x4.png,/home/projectwork/Deep_learning/VANSH_WORK/Internship/old/dataset/DRealSR-20231109T095957Z-004/DRealSR/Test_x4/HR/Canon_40_x4.png,/home/projectwork/Deep_learning/VANSH_WORK/Internship/old/dataset/DRealSR-20231109T095957Z-004/DRealSR/Test_x4/LR/dreal4_3.png,2811.315185546875,4.342224601669591,0.03688407689332962,25.602712206166363,0.8568719228108724,nan,nan
HAT,Canon_42,/data/projectwork/sr_output/HAT_inference/DReal_x4/visualization/DReal_x4/Canon_42_x1_DReal_x4.png,/home/projectwork/Deep_learning/VANSH_WORK/Internship/old/dataset/DRealSR-20231109T095957Z-004/DRealSR/Test_x4/HR/Canon_42_x4.png,/home/projectwork/Deep_learning/VANSH_WORK/Internship/old/dataset/DRealSR-20231109T095957Z-004/DRealSR/Test_x4/LR/dreal4_4.png,2819.505615234375,4.704278146309282,0.028472857549786568,25.404088279932694,0.82820063829422,nan,nan
HAT,Canon_56,/data/projectwork/sr_output/HAT_inference/DReal_x4/visualization/DReal_x4/Canon_56_x1_DReal_x4.png,/home/projectwork/Deep_learning/VANSH_WORK/Internship/old/dataset/DRealSR-20231109T095957Z-004/DRealSR/Test_x4/HR/Canon_56_x4.png,/home/projectwork/Deep_learning/VANSH_WORK/Internship/old/dataset/DRealSR-20231109T095957Z-004/DRealSR/Test_x4/LR/dreal4_5.png,2818.647216796875,8.912762207247637,0.011278053745627403,33.798653969028734,0.9371013243993124,nan,nan
HAT,DSC_0988,/data/projectwork/sr_output/HAT_inference/DReal_x4/visualization/DReal_x4/DSC_0988_x1_DReal_x4.png,/home/projectwork/Deep_learning/VANSH_WORK/Internship/old/dataset/DRealSR-20231109T095957Z-004/DRealSR/Test_x4/HR/DSC_0988_x4.png,/home/projectwork/Deep_learning/VANSH_WORK/Internship/old/dataset/DRealSR-20231109T095957Z-004/DRealSR/Test_x4/LR/dreal4_6.png,2832.574951171875,5.6512489539756565,0.028446177020668983,28.516711910805263,0.9049239555994669,nan,nan
HAT,DSC_1045,/data/projectwork/sr_output/HAT_inference/DReal_x4/visualization/DReal_x4/DSC_1045_x1_DReal_x4.png,/home/projectwork/Deep_learning/VANSH_WORK/Internship/old/dataset/DRealSR-20231109T095957Z-004/DRealSR/Test_x4/HR/DSC_1045_x4.png,/home/projectwork/Deep_learning/VANSH_WORK/Internship/old/dataset/DRealSR-20231109T095957Z-004/DRealSR/Test_x4/LR/dreal4_7.png,2809.27392578125,5.577448240042085,0.02288672886788845,28.16970724160694,0.873328705628713,nan,nan
HAT,DSC_1057,/data/projectwork/sr_output/HAT_inference/DReal_x4/visualization/DReal_x4/DSC_1057_x1_DReal_x4.png,/home/projectwork/Deep_learning/VANSH_WORK/Internship/old/dataset/DRealSR-20231109T095957Z-004/DRealSR/Test_x4/HR/DSC_1057_x4.png,/home/projectwork/Deep_learning/VANSH_WORK/Internship/old/dataset/DRealSR-20231109T095957Z-004/DRealSR/Test_x4/LR/dreal4_8.png,2821.4208984375,6.255883079736929,0.019487300887703896,29.457187712493187,0.9002301494280497,nan,nan
HAT,DSC_1137,/data/projectwork/sr_output/HAT_inference/DReal_x4/visualization/DReal_x4/DSC_1137_x1_DReal_x4.png,/home/projectwork/Deep_learning/VANSH_WORK/Internship/old/dataset/DRealSR-20231109T095957Z-004/DRealSR/Test_x4/HR/DSC_1137_x4.png,/home/projectwork/Deep_learning/VANSH_WORK/Internship/old/dataset/DRealSR-20231109T095957Z-004/DRealSR/Test_x4/LR/dreal4_9.png,2803.22705078125,5.103765928288823,0.04217615723609924,24.6058870315562,0.7526783148447672,nan,nan
HAT,DSC_1233,/data/projectwork/sr_output/HAT_inference/DReal_x4/visualization/DReal_x4/DSC_1233_x1_DReal_x4.png,/home/projectwork/Deep_learning/VANSH_WORK/Internship/old/dataset/DRealSR-20231109T095957Z-004/DRealSR/Test_x4/HR/DSC_1233_x4.png,/home/projectwork/Deep_learning/VANSH_WORK/Internship/old/dataset/DRealSR-20231109T095957Z-004/DRealSR/Test_x4/LR/dreal4_10.png,2809.000732421875,4.165780504860245,0.040051911026239395,25.492302636255193,0.8540173172950745,nan,nan
HAT,DSC_1241,/data/projectwork/sr_output/HAT_inference/DReal_x4/visualization/DReal_x4/DSC_1241_x1_DReal_x4.png,/home/projectwork/Deep_learning/VANSH_WORK/Internship/old/dataset/DRealSR-20231109T095957Z-004/DRealSR/Test_x4/HR/DSC_1241_x4.png,/home/projectwork/Deep_learning/VANSH_WORK/Internship/old/dataset/DRealSR-20231109T095957Z-004/DRealSR/Test_x4/LR/dreal4_11.png,2810.969970703125,4.0152984717573466,0.0358983650803566,25.185945463537188,0.8343639373779297,nan,nan
HAT,DSC_1245,/data/projectwork/sr_output/HAT_inference/DReal_x4/visualization/DReal_x4/DSC_1245_x1_DReal_x4.png,/home/projectwork/Deep_learning/VANSH_WORK/Internship/old/dataset/DRealSR-20231109T095957Z-004/DRealSR/Test_x4/HR/DSC_1245_x4.png,/home/projectwork/Deep_learning/VANSH_WORK/Internship/old/dataset/DRealSR-20231109T095957Z-004/DRealSR/Test_x4/LR/dreal4_12.png,2821.8369140625,5.160730846698989,0.018532289192080498,31.961836699412075,0.9028943379720052,nan,nan
HAT,DSC_1265,/data/projectwork/sr_output/HAT_inference/DReal_x4/visualization/DReal_x4/DSC_1265_x1_DReal_x4.png,/home/projectwork/Deep_learning/VANSH_WORK/Internship/old/dataset/DRealSR-20231109T095957Z-004/DRealSR/Test_x4/HR/DSC_1265_x4.png,/home/projectwork/Deep_learning/VANSH_WORK/Internship/old/dataset/DRealSR-20231109T095957Z-004/DRealSR/Test_x4/LR/dreal4_13.png,2830.69921875,5.590233848898903,0.0201897993683815,31.192664964863418,0.9007011453310648,nan,nan
HAT,DSC_1286,/data/projectwork/sr_output/HAT_inference/DReal_x4/visualization/DReal_x4/DSC_1286_x1_DReal_x4.png,/home/projectwork/Deep_learning/VANSH_WORK/Internship/old/dataset/DRealSR-20231109T095957Z-004/DRealSR/Test_x4/HR/DSC_1286_x4.png,/home/projectwork/Deep_learning/VANSH_WORK/Internship/old/dataset/DRealSR-20231109T095957Z-004/DRealSR/Test_x4/LR/dreal4_14.png,2814.288330078125,5.162984066486825,0.02041810192167759,30.4600516499659,0.8840784231821696,nan,nan
HAT,DSC_1326,/data/projectwork/sr_output/HAT_inference/DReal_x4/visualization/DReal_x4/DSC_1326_x1_DReal_x4.png,/home/projectwork/Deep_learning/VANSH_WORK/Internship/old/dataset/DRealSR-20231109T095957Z-004/DRealSR/Test_x4/HR/DSC_1326_x4.png,/home/projectwork/Deep_learning/VANSH_WORK/Internship/old/dataset/DRealSR-20231109T095957Z-004/DRealSR/Test_x4/LR/dreal4_15.png,2788.475830078125,3.8436527795105833,0.03633614629507065,26.518617204932795,0.8476379911104838,nan,nan
HAT,DSC_1404,/data/projectwork/sr_output/HAT_inference/DReal_x4/visualization/DReal_x4/DSC_1404_x1_DReal_x4.png,/home/projectwork/Deep_learning/VANSH_WORK/Internship/old/dataset/DRealSR-20231109T095957Z-004/DRealSR/Test_x4/HR/DSC_1404_x4.png,/home/projectwork/Deep_learning/VANSH_WORK/Internship/old/dataset/DRealSR-20231109T095957Z-004/DRealSR/Test_x4/LR/dreal4_16.png,2810.42333984375,6.527238430291659,0.07722193747758865,20.465952964929613,0.735417385896047,nan,nan
HAT,DSC_1412,/data/projectwork/sr_output/HAT_inference/DReal_x4/visualization/DReal_x4/DSC_1412_x1_DReal_x4.png,/home/projectwork/Deep_learning/VANSH_WORK/Internship/old/dataset/DRealSR-20231109T095957Z-004/DRealSR/Test_x4/HR/DSC_1412_x4.png,/home/projectwork/Deep_learning/VANSH_WORK/Internship/old/dataset/DRealSR-20231109T095957Z-004/DRealSR/Test_x4/LR/dreal4_17.png,2817.490966796875,5.365961426663932,0.019167549908161163,31.341590383333724,0.9109357198079427,nan,nan
HAT,DSC_1425,/data/projectwork/sr_output/HAT_inference/DReal_x4/visualization/DReal_x4/DSC_1425_x1_DReal_x4.png,/home/projectwork/Deep_learning/VANSH_WORK/Internship/old/dataset/DRealSR-20231109T095957Z-004/DRealSR/Test_x4/HR/DSC_1425_x4.png,/home/projectwork/Deep_learning/VANSH_WORK/Internship/old/dataset/DRealSR-20231109T095957Z-004/DRealSR/Test_x4/LR/dreal4_18.png,2819.8818359375,6.144161280478212,0.025521893054246902,25.656132580821325,0.8551221688588461,nan,nan
HAT,DSC_1454,/data/projectwork/sr_output/HAT_inference/DReal_x4/visualization/DReal_x4/DSC_1454_x1_DReal_x4.png,/home/projectwork/Deep_learning/VANSH_WORK/Internship/old/dataset/DRealSR-20231109T095957Z-004/DRealSR/Test_x4/HR/DSC_1454_x4.png,/home/projectwork/Deep_learning/VANSH_WORK/Internship/old/dataset/DRealSR-20231109T095957Z-004/DRealSR/Test_x4/LR/dreal4_19.png,2797.055908203125,4.868932367157225,0.04090872034430504,24.840888472629455,0.7700760960578918,nan,nan
HAT,DSC_1462,/data/projectwork/sr_output/HAT_inference/DReal_x4/visualization/DReal_x4/DSC_1462_x1_DReal_x4.png,/home/projectwork/Deep_learning/VANSH_WORK/Internship/old/dataset/DRealSR-20231109T095957Z-004/DRealSR/Test_x4/HR/DSC_1462_x4.png,/home/projectwork/Deep_learning/VANSH_WORK/Internship/old/dataset/DRealSR-20231109T095957Z-004/DRealSR/Test_x4/LR/dreal4_20.png,2799.475830078125,4.957530968170593,0.03673601523041725,25.722719908989404,0.7936655680338541,nan,nan
HAT,DSC_1474,/data/projectwork/sr_output/HAT_inference/DReal_x4/visualization/DReal_x4/DSC_1474_x1_DReal_x4.png,/home/projectwork/Deep_learning/VANSH_WORK/Internship/old/dataset/DRealSR-20231109T095957Z-004/DRealSR/Test_x4/HR/DSC_1474_x4.png,/home/projectwork/Deep_learning/VANSH_WORK/Internship/old/dataset/DRealSR-20231109T095957Z-004/DRealSR/Test_x4/LR/dreal4_21.png,2804.110107421875,5.179241522814684,0.04199475795030594,23.85295716437819,0.815143088499705,nan,nan
HAT,DSC_1575,/data/projectwork/sr_output/HAT_inference/DReal_x4/visualization/DReal_x4/DSC_1575_x1_DReal_x4.png,/home/projectwork/Deep_learning/VANSH_WORK/Internship/old/dataset/DRealSR-20231109T095957Z-004/DRealSR/Test_x4/HR/DSC_1575_x4.png,/home/projectwork/Deep_learning/VANSH_WORK/Internship/old/dataset/DRealSR-20231109T095957Z-004/DRealSR/Test_x4/LR/dreal4_22.png,2800.90380859375,5.681939702929357,0.03890896216034889,22.525663626754966,0.60220734278361,nan,nan
HAT,DSC_1583,/data/projectwork/sr_output/HAT_inference/DReal_x4/visualization/DReal_x4/DSC_1583_x1_DReal_x4.png,/home/projectwork/Deep_learning/VANSH_WORK/Internship/old/dataset/DRealSR-20231109T095957Z-004/DRealSR/Test_x4/HR/DSC_1583_x4.png,/home/projectwork/Deep_learning/VANSH_WORK/Internship/old/dataset/DRealSR-20231109T095957Z-004/DRealSR/Test_x4/LR/dreal4_23.png,2802.6025390625,6.146452604669461,0.04426861181855202,24.268254412432736,0.7577993869781494,nan,nan
HAT,DSC_1599,/data/projectwork/sr_output/HAT_inference/DReal_x4/visualization/DReal_x4/DSC_1599_x1_DReal_x4.png,/home/projectwork/Deep_learning/VANSH_WORK/Internship/old/dataset/DRealSR-20231109T095957Z-004/DRealSR/Test_x4/HR/DSC_1599_x4.png,/home/projectwork/Deep_learning/VANSH_WORK/Internship/old/dataset/DRealSR-20231109T095957Z-004/DRealSR/Test_x4/LR/dreal4_24.png,2817.80859375,6.737424867089156,0.022648649290204048,27.42362198213535,0.8623545368512472,nan,nan
HAT,DSC_1603,/data/projectwork/sr_output/HAT_inference/DReal_x4/visualization/DReal_x4/DSC_1603_x1_DReal_x4.png,/home/projectwork/Deep_learning/VANSH_WORK/Internship/old/dataset/DRealSR-20231109T095957Z-004/DRealSR/Test_x4/HR/DSC_1603_x4.png,/home/projectwork/Deep_learning/VANSH_WORK/Internship/old/dataset/DRealSR-20231109T095957Z-004/DRealSR/Test_x4/LR/dreal4_25.png,2803.843994140625,6.481304198509923,0.036026597023010254,23.61716367067192,0.7496599952379862,nan,nan
HAT,IMG_107,/data/projectwork/sr_output/HAT_inference/DReal_x4/visualization/DReal_x4/IMG_107_x1_DReal_x4.png,/home/projectwork/Deep_learning/VANSH_WORK/Internship/old/dataset/DRealSR-20231109T095957Z-004/DRealSR/Test_x4/HR/IMG_107_x4.png,/home/projectwork/Deep_learning/VANSH_WORK/Internship/old/dataset/DRealSR-20231109T095957Z-004/DRealSR/Test_x4/LR/dreal4_26.png,2825.109130859375,6.873937280787253,0.027738841250538826,26.659973602700006,0.8577186663945516,nan,nan
HAT,IMG_113,/data/projectwork/sr_output/HAT_inference/DReal_x4/visualization/DReal_x4/IMG_113_x1_DReal_x4.png,/home/projectwork/Deep_learning/VANSH_WORK/Internship/old/dataset/DRealSR-20231109T095957Z-004/DRealSR/Test_x4/HR/IMG_113_x4.png,/home/projectwork/Deep_learning/VANSH_WORK/Internship/old/dataset/DRealSR-20231109T095957Z-004/DRealSR/Test_x4/LR/dreal4_27.png,2807.973876953125,5.3666949984389065,0.05720147117972374,21.72806667586186,0.7029106815656027,nan,nan
HAT,IMG_118,/data/projectwork/sr_output/HAT_inference/DReal_x4/visualization/DReal_x4/IMG_118_x1_DReal_x4.png,/home/projectwork/Deep_learning/VANSH_WORK/Internship/old/dataset/DRealSR-20231109T095957Z-004/DRealSR/Test_x4/HR/IMG_118_x4.png,/home/projectwork/Deep_learning/VANSH_WORK/Internship/old/dataset/DRealSR-20231109T095957Z-004/DRealSR/Test_x4/LR/dreal4_28.png,2798.815185546875,6.286627884801817,0.05889182537794113,19.970683505935504,0.7370393872261047,nan,nan
HAT,IMG_125,/data/projectwork/sr_output/HAT_inference/DReal_x4/visualization/DReal_x4/IMG_125_x1_DReal_x4.png,/home/projectwork/Deep_learning/VANSH_WORK/Internship/old/dataset/DRealSR-20231109T095957Z-004/DRealSR/Test_x4/HR/IMG_125_x4.png,/home/projectwork/Deep_learning/VANSH_WORK/Internship/old/dataset/DRealSR-20231109T095957Z-004/DRealSR/Test_x4/LR/dreal4_29.png,2815.186767578125,4.469671986646525,0.05897636339068413,22.464183422729906,0.7722353140513102,nan,nan
HAT,IMG_130,/data/projectwork/sr_output/HAT_inference/DReal_x4/visualization/DReal_x4/IMG_130_x1_DReal_x4.png,/home/projectwork/Deep_learning/VANSH_WORK/Internship/old/dataset/DRealSR-20231109T095957Z-004/DRealSR/Test_x4/HR/IMG_130_x4.png,/home/projectwork/Deep_learning/VANSH_WORK/Internship/old/dataset/DRealSR-20231109T095957Z-004/DRealSR/Test_x4/LR/dreal4_30.png,2813.457763671875,6.005471074901367,0.036160342395305634,25.723009580836354,0.8469378153483073,nan,nan
HAT,IMG_140,/data/projectwork/sr_output/HAT_inference/DReal_x4/visualization/DReal_x4/IMG_140_x1_DReal_x4.png,/home/projectwork/Deep_learning/VANSH_WORK/Internship/old/dataset/DRealSR-20231109T095957Z-004/DRealSR/Test_x4/HR/IMG_140_x4.png,/home/projectwork/Deep_learning/VANSH_WORK/Internship/old/dataset/DRealSR-20231109T095957Z-004/DRealSR/Test_x4/LR/dreal4_31.png,2822.863525390625,7.539510479187352,0.017109505832195282,31.10282599335254,0.9267308712005615,nan,nan
HAT,IMG_143,/data/projectwork/sr_output/HAT_inference/DReal_x4/visualization/DReal_x4/IMG_143_x1_DReal_x4.png,/home/projectwork/Deep_learning/VANSH_WORK/Internship/old/dataset/DRealSR-20231109T095957Z-004/DRealSR/Test_x4/HR/IMG_143_x4.png,/home/projectwork/Deep_learning/VANSH_WORK/Internship/old/dataset/DRealSR-20231109T095957Z-004/DRealSR/Test_x4/LR/dreal4_32.png,2811.21044921875,6.2997963659178975,0.06310649961233139,21.10629967879312,0.6117026209831238,nan,nan
HAT,IMG_150,/data/projectwork/sr_output/HAT_inference/DReal_x4/visualization/DReal_x4/IMG_150_x1_DReal_x4.png,/home/projectwork/Deep_learning/VANSH_WORK/Internship/old/dataset/DRealSR-20231109T095957Z-004/DRealSR/Test_x4/HR/IMG_150_x4.png,/home/projectwork/Deep_learning/VANSH_WORK/Internship/old/dataset/DRealSR-20231109T095957Z-004/DRealSR/Test_x4/LR/dreal4_33.png,2794.323486328125,3.7483713678359973,0.07656309008598328,20.17054482178051,0.7225030064582825,nan,nan
HAT,IMG_181,/data/projectwork/sr_output/HAT_inference/DReal_x4/visualization/DReal_x4/IMG_181_x1_DReal_x4.png,/home/projectwork/Deep_learning/VANSH_WORK/Internship/old/dataset/DRealSR-20231109T095957Z-004/DRealSR/Test_x4/HR/IMG_181_x4.png,/home/projectwork/Deep_learning/VANSH_WORK/Internship/old/dataset/DRealSR-20231109T095957Z-004/DRealSR/Test_x4/LR/dreal4_34.png,2806.96337890625,5.192749933142749,0.044986091554164886,24.114157196630046,0.8124824166297913,nan,nan
HAT,IMG_190,/data/projectwork/sr_output/HAT_inference/DReal_x4/visualization/DReal_x4/IMG_190_x1_DReal_x4.png,/home/projectwork/Deep_learning/VANSH_WORK/Internship/old/dataset/DRealSR-20231109T095957Z-004/DRealSR/Test_x4/HR/IMG_190_x4.png,/home/projectwork/Deep_learning/VANSH_WORK/Internship/old/dataset/DRealSR-20231109T095957Z-004/DRealSR/Test_x4/LR/dreal4_35.png,2824.7666015625,5.642149209470946,0.023881491273641586,27.338602895055836,0.8454018036524454,nan,nan
HAT,IMG_203,/data/projectwork/sr_output/HAT_inference/DReal_x4/visualization/DReal_x4/IMG_203_x1_DReal_x4.png,/home/projectwork/Deep_learning/VANSH_WORK/Internship/old/dataset/DRealSR-20231109T095957Z-004/DRealSR/Test_x4/HR/IMG_203_x4.png,/home/projectwork/Deep_learning/VANSH_WORK/Internship/old/dataset/DRealSR-20231109T095957Z-004/DRealSR/Test_x4/LR/dreal4_36.png,2804.83349609375,7.091448485542283,0.02605890855193138,29.989568960233207,0.9212538798650106,nan,nan
HAT,IMG_210,/data/projectwork/sr_output/HAT_inference/DReal_x4/visualization/DReal_x4/IMG_210_x1_DReal_x4.png,/home/projectwork/Deep_learning/VANSH_WORK/Internship/old/dataset/DRealSR-20231109T095957Z-004/DRealSR/Test_x4/HR/IMG_210_x4.png,/home/projectwork/Deep_learning/VANSH_WORK/Internship/old/dataset/DRealSR-20231109T095957Z-004/DRealSR/Test_x4/LR/dreal4_37.png,2822.134521484375,5.096624658079025,0.01921423338353634,30.128077678766946,0.9081497192382812,nan,nan
HAT,P1140090,/data/projectwork/sr_output/HAT_inference/DReal_x4/visualization/DReal_x4/P1140090_x1_DReal_x4.png,/home/projectwork/Deep_learning/VANSH_WORK/Internship/old/dataset/DRealSR-20231109T095957Z-004/DRealSR/Test_x4/HR/P1140090_x4.png,/home/projectwork/Deep_learning/VANSH_WORK/Internship/old/dataset/DRealSR-20231109T095957Z-004/DRealSR/Test_x4/LR/dreal4_38.png,2813.053466796875,3.0975167210048413,0.03896975517272949,24.18610304354287,0.7496861219406128,nan,nan
HAT,P1140122,/data/projectwork/sr_output/HAT_inference/DReal_x4/visualization/DReal_x4/P1140122_x1_DReal_x4.png,/home/projectwork/Deep_learning/VANSH_WORK/Internship/old/dataset/DRealSR-20231109T095957Z-004/DRealSR/Test_x4/HR/P1140122_x4.png,/home/projectwork/Deep_learning/VANSH_WORK/Internship/old/dataset/DRealSR-20231109T095957Z-004/DRealSR/Test_x4/LR/dreal4_39.png,2814.21533203125,3.102678089851517,0.0465855598449707,24.443988701613208,0.6833847761154175,nan,nan
HAT,P1140126,/data/projectwork/sr_output/HAT_inference/DReal_x4/visualization/DReal_x4/P1140126_x1_DReal_x4.png,/home/projectwork/Deep_learning/VANSH_WORK/Internship/old/dataset/DRealSR-20231109T095957Z-004/DRealSR/Test_x4/HR/P1140126_x4.png,/home/projectwork/Deep_learning/VANSH_WORK/Internship/old/dataset/DRealSR-20231109T095957Z-004/DRealSR/Test_x4/LR/dreal4_40.png,2810.6572265625,3.1773189918610023,0.040772657841444016,24.98954815557376,0.7072101434071859,nan,nan
HAT,P1140134,/data/projectwork/sr_output/HAT_inference/DReal_x4/visualization/DReal_x4/P1140134_x1_DReal_x4.png,/home/projectwork/Deep_learning/VANSH_WORK/Internship/old/dataset/DRealSR-20231109T095957Z-004/DRealSR/Test_x4/HR/P1140134_x4.png,/home/projectwork/Deep_learning/VANSH_WORK/Internship/old/dataset/DRealSR-20231109T095957Z-004/DRealSR/Test_x4/LR/dreal4_41.png,2814.5068359375,5.2461601420146025,0.03082675114274025,24.305985816410924,0.7913649280865988,nan,nan
HAT,P1140138,/data/projectwork/sr_output/HAT_inference/DReal_x4/visualization/DReal_x4/P1140138_x1_DReal_x4.png,/home/projectwork/Deep_learning/VANSH_WORK/Internship/old/dataset/DRealSR-20231109T095957Z-004/DRealSR/Test_x4/HR/P1140138_x4.png,/home/projectwork/Deep_learning/VANSH_WORK/Internship/old/dataset/DRealSR-20231109T095957Z-004/DRealSR/Test_x4/LR/dreal4_42.png,2807.02392578125,4.2803942821720184,0.0266729686409235,25.489486050186034,0.7034322222073873,nan,nan
HAT,P1140177,/data/projectwork/sr_output/HAT_inference/DReal_x4/visualization/DReal_x4/P1140177_x1_DReal_x4.png,/home/projectwork/Deep_learning/VANSH_WORK/Internship/old/dataset/DRealSR-20231109T095957Z-004/DRealSR/Test_x4/HR/P1140177_x4.png,/home/projectwork/Deep_learning/VANSH_WORK/Internship/old/dataset/DRealSR-20231109T095957Z-004/DRealSR/Test_x4/LR/dreal4_43.png,2807.793212890625,3.494765288603485,0.021006762981414795,27.400381588735065,0.6799037853876749,nan,nan
HAT,P1140189,/data/projectwork/sr_output/HAT_inference/DReal_x4/visualization/DReal_x4/P1140189_x1_DReal_x4.png,/home/projectwork/Deep_learning/VANSH_WORK/Internship/old/dataset/DRealSR-20231109T095957Z-004/DRealSR/Test_x4/HR/P1140189_x4.png,/home/projectwork/Deep_learning/VANSH_WORK/Internship/old/dataset/DRealSR-20231109T095957Z-004/DRealSR/Test_x4/LR/dreal4_44.png,2810.994140625,2.5947019408399563,0.02643449790775776,26.18878963593953,0.6714795033137003,nan,nan
HAT,P1140279,/data/projectwork/sr_output/HAT_inference/DReal_x4/visualization/DReal_x4/P1140279_x1_DReal_x4.png,/home/projectwork/Deep_learning/VANSH_WORK/Internship/old/dataset/DRealSR-20231109T095957Z-004/DRealSR/Test_x4/HR/P1140279_x4.png,/home/projectwork/Deep_learning/VANSH_WORK/Internship/old/dataset/DRealSR-20231109T095957Z-004/DRealSR/Test_x4/LR/dreal4_45.png,2806.317138671875,4.394103539241005,0.024257803335785866,27.199523467314485,0.7368602355321249,nan,nan
HAT,P1140388,/data/projectwork/sr_output/HAT_inference/DReal_x4/visualization/DReal_x4/P1140388_x1_DReal_x4.png,/home/projectwork/Deep_learning/VANSH_WORK/Internship/old/dataset/DRealSR-20231109T095957Z-004/DRealSR/Test_x4/HR/P1140388_x4.png,/home/projectwork/Deep_learning/VANSH_WORK/Internship/old/dataset/DRealSR-20231109T095957Z-004/DRealSR/Test_x4/LR/dreal4_46.png,2812.57666015625,4.354557047577348,0.01892729103565216,29.05175581177204,0.789599339167277,nan,nan
HAT,P1140401,/data/projectwork/sr_output/HAT_inference/DReal_x4/visualization/DReal_x4/P1140401_x1_DReal_x4.png,/home/projectwork/Deep_learning/VANSH_WORK/Internship/old/dataset/DRealSR-20231109T095957Z-004/DRealSR/Test_x4/HR/P1140401_x4.png,/home/projectwork/Deep_learning/VANSH_WORK/Internship/old/dataset/DRealSR-20231109T095957Z-004/DRealSR/Test_x4/LR/dreal4_47.png,2821.560546875,4.365935141841947,0.01784243807196617,28.855557837161694,0.7993509372075399,nan,nan
HAT,P1140417,/data/projectwork/sr_output/HAT_inference/DReal_x4/visualization/DReal_x4/P1140417_x1_DReal_x4.png,/home/projectwork/Deep_learning/VANSH_WORK/Internship/old/dataset/DRealSR-20231109T095957Z-004/DRealSR/Test_x4/HR/P1140417_x4.png,/home/projectwork/Deep_learning/VANSH_WORK/Internship/old/dataset/DRealSR-20231109T095957Z-004/DRealSR/Test_x4/LR/dreal4_48.png,2800.337646484375,3.172202202701287,0.023890795186161995,26.622228067894994,0.7151831388473511,nan,nan
HAT,P1140434,/data/projectwork/sr_output/HAT_inference/DReal_x4/visualization/DReal_x4/P1140434_x1_DReal_x4.png,/home/projectwork/Deep_learning/VANSH_WORK/Internship/old/dataset/DRealSR-20231109T095957Z-004/DRealSR/Test_x4/HR/P1140434_x4.png,/home/projectwork/Deep_learning/VANSH_WORK/Internship/old/dataset/DRealSR-20231109T095957Z-004/DRealSR/Test_x4/LR/dreal4_49.png,2813.79248046875,3.68972570161173,0.032605621963739395,24.998007114014538,0.6561770041783651,nan,nan
HAT,P1160566,/data/projectwork/sr_output/HAT_inference/DReal_x4/visualization/DReal_x4/P1160566_x1_DReal_x4.png,/home/projectwork/Deep_learning/VANSH_WORK/Internship/old/dataset/DRealSR-20231109T095957Z-004/DRealSR/Test_x4/HR/P1160566_x4.png,/home/projectwork/Deep_learning/VANSH_WORK/Internship/old/dataset/DRealSR-20231109T095957Z-004/DRealSR/Test_x4/LR/dreal4_50.png,2828.23388671875,6.406628916930931,0.03167787566781044,26.858267692876517,0.9215787251790365,nan,nan
HAT,P1160646,/data/projectwork/sr_output/HAT_inference/DReal_x4/visualization/DReal_x4/P1160646_x1_DReal_x4.png,/home/projectwork/Deep_learning/VANSH_WORK/Internship/old/dataset/DRealSR-20231109T095957Z-004/DRealSR/Test_x4/HR/P1160646_x4.png,/home/projectwork/Deep_learning/VANSH_WORK/Internship/old/dataset/DRealSR-20231109T095957Z-004/DRealSR/Test_x4/LR/dreal4_51.png,2801.035888671875,5.2955305235859305,0.017721407115459442,31.068952714898458,0.8769791722297668,nan,nan
HAT,P1160772,/data/projectwork/sr_output/HAT_inference/DReal_x4/visualization/DReal_x4/P1160772_x1_DReal_x4.png,/home/projectwork/Deep_learning/VANSH_WORK/Internship/old/dataset/DRealSR-20231109T095957Z-004/DRealSR/Test_x4/HR/P1160772_x4.png,/home/projectwork/Deep_learning/VANSH_WORK/Internship/old/dataset/DRealSR-20231109T095957Z-004/DRealSR/Test_x4/LR/dreal4_52.png,2806.92138671875,5.8555632001937745,0.024167880415916443,28.2499775023753,0.9080597162246704,nan,nan
HAT,P1160776,/data/projectwork/sr_output/HAT_inference/DReal_x4/visualization/DReal_x4/P1160776_x1_DReal_x4.png,/home/projectwork/Deep_learning/VANSH_WORK/Internship/old/dataset/DRealSR-20231109T095957Z-004/DRealSR/Test_x4/HR/P1160776_x4.png,/home/projectwork/Deep_learning/VANSH_WORK/Internship/old/dataset/DRealSR-20231109T095957Z-004/DRealSR/Test_x4/LR/dreal4_53.png,2818.959228515625,5.3985509892774965,0.02355766110122204,27.67286167481382,0.885092556476593,nan,nan
HAT,P1171010,/data/projectwork/sr_output/HAT_inference/DReal_x4/visualization/DReal_x4/P1171010_x1_DReal_x4.png,/home/projectwork/Deep_learning/VANSH_WORK/Internship/old/dataset/DRealSR-20231109T095957Z-004/DRealSR/Test_x4/HR/P1171010_x4.png,/home/projectwork/Deep_learning/VANSH_WORK/Internship/old/dataset/DRealSR-20231109T095957Z-004/DRealSR/Test_x4/LR/dreal4_54.png,2821.536865234375,5.784815816659584,0.030125781893730164,22.133539019239837,0.7615408698717753,nan,nan
HAT,P1171031,/data/projectwork/sr_output/HAT_inference/DReal_x4/visualization/DReal_x4/P1171031_x1_DReal_x4.png,/home/projectwork/Deep_learning/VANSH_WORK/Internship/old/dataset/DRealSR-20231109T095957Z-004/DRealSR/Test_x4/HR/P1171031_x4.png,/home/projectwork/Deep_learning/VANSH_WORK/Internship/old/dataset/DRealSR-20231109T095957Z-004/DRealSR/Test_x4/LR/dreal4_55.png,2817.94384765625,5.9322372191236274,0.02024390734732151,26.630329750304856,0.7953803340593973,nan,nan
HAT,P1171051,/data/projectwork/sr_output/HAT_inference/DReal_x4/visualization/DReal_x4/P1171051_x1_DReal_x4.png,/home/projectwork/Deep_learning/VANSH_WORK/Internship/old/dataset/DRealSR-20231109T095957Z-004/DRealSR/Test_x4/HR/P1171051_x4.png,/home/projectwork/Deep_learning/VANSH_WORK/Internship/old/dataset/DRealSR-20231109T095957Z-004/DRealSR/Test_x4/LR/dreal4_56.png,2820.255126953125,5.813867537299309,0.018381064757704735,27.121221029843063,0.8176049391428629,nan,nan
HAT,panasonic_103,/data/projectwork/sr_output/HAT_inference/DReal_x4/visualization/DReal_x4/panasonic_103_x1_DReal_x4.png,/home/projectwork/Deep_learning/VANSH_WORK/Internship/old/dataset/DRealSR-20231109T095957Z-004/DRealSR/Test_x4/HR/panasonic_103_x4.png,/home/projectwork/Deep_learning/VANSH_WORK/Internship/old/dataset/DRealSR-20231109T095957Z-004/DRealSR/Test_x4/LR/dreal4_57.png,2807.3544921875,6.340448610942234,0.022317247465252876,30.359468667329125,0.9044786890347799,nan,nan
HAT,panasonic_123,/data/projectwork/sr_output/HAT_inference/DReal_x4/visualization/DReal_x4/panasonic_123_x1_DReal_x4.png,/home/projectwork/Deep_learning/VANSH_WORK/Internship/old/dataset/DRealSR-20231109T095957Z-004/DRealSR/Test_x4/HR/panasonic_123_x4.png,/home/projectwork/Deep_learning/VANSH_WORK/Internship/old/dataset/DRealSR-20231109T095957Z-004/DRealSR/Test_x4/LR/dreal4_58.png,2814.122802734375,6.616848161408196,0.03597959876060486,25.456889684414268,0.7570921977361044,nan,nan
HAT,panasonic_128,/data/projectwork/sr_output/HAT_inference/DReal_x4/visualization/DReal_x4/panasonic_128_x1_DReal_x4.png,/home/projectwork/Deep_learning/VANSH_WORK/Internship/old/dataset/DRealSR-20231109T095957Z-004/DRealSR/Test_x4/HR/panasonic_128_x4.png,/home/projectwork/Deep_learning/VANSH_WORK/Internship/old/dataset/DRealSR-20231109T095957Z-004/DRealSR/Test_x4/LR/dreal4_59.png,2813.194580078125,6.95168926196597,0.021923797205090523,31.59671909340836,0.9398667613665262,nan,nan
HAT,panasonic_132,/data/projectwork/sr_output/HAT_inference/DReal_x4/visualization/DReal_x4/panasonic_132_x1_DReal_x4.png,/home/projectwork/Deep_learning/VANSH_WORK/Internship/old/dataset/DRealSR-20231109T095957Z-004/DRealSR/Test_x4/HR/panasonic_132_x4.png,/home/projectwork/Deep_learning/VANSH_WORK/Internship/old/dataset/DRealSR-20231109T095957Z-004/DRealSR/Test_x4/LR/dreal4_60.png,2811.473876953125,5.598097438364743,0.02011595293879509,30.48999104404671,0.9061235586802164,nan,nan
HAT,panasonic_145,/data/projectwork/sr_output/HAT_inference/DReal_x4/visualization/DReal_x4/panasonic_145_x1_DReal_x4.png,/home/projectwork/Deep_learning/VANSH_WORK/Internship/old/dataset/DRealSR-20231109T095957Z-004/DRealSR/Test_x4/HR/panasonic_145_x4.png,/home/projectwork/Deep_learning/VANSH_WORK/Internship/old/dataset/DRealSR-20231109T095957Z-004/DRealSR/Test_x4/LR/dreal4_61.png,2788.886962890625,3.6121670318858863,0.049590814858675,22.00403715170454,0.6058871944745382,nan,nan
HAT,panasonic_158,/data/projectwork/sr_output/HAT_inference/DReal_x4/visualization/DReal_x4/panasonic_158_x1_DReal_x4.png,/home/projectwork/Deep_learning/VANSH_WORK/Internship/old/dataset/DRealSR-20231109T095957Z-004/DRealSR/Test_x4/HR/panasonic_158_x4.png,/home/projectwork/Deep_learning/VANSH_WORK/Internship/old/dataset/DRealSR-20231109T095957Z-004/DRealSR/Test_x4/LR/dreal4_62.png,2804.594970703125,5.657155482147057,0.015263269655406475,32.77821339398556,0.9291351238886515,nan,nan
HAT,panasonic_16,/data/projectwork/sr_output/HAT_inference/DReal_x4/visualization/DReal_x4/panasonic_16_x1_DReal_x4.png,/home/projectwork/Deep_learning/VANSH_WORK/Internship/old/dataset/DRealSR-20231109T095957Z-004/DRealSR/Test_x4/HR/panasonic_16_x4.png,/home/projectwork/Deep_learning/VANSH_WORK/Internship/old/dataset/DRealSR-20231109T095957Z-004/DRealSR/Test_x4/LR/dreal4_63.png,2813.109619140625,5.140666455088472,0.031358685344457626,27.972852353122523,0.8381956219673157,nan,nan
HAT,panasonic_182,/data/projectwork/sr_output/HAT_inference/DReal_x4/visualization/DReal_x4/panasonic_182_x1_DReal_x4.png,/home/projectwork/Deep_learning/VANSH_WORK/Internship/old/dataset/DRealSR-20231109T095957Z-004/DRealSR/Test_x4/HR/panasonic_182_x4.png,/home/projectwork/Deep_learning/VANSH_WORK/Internship/old/dataset/DRealSR-20231109T095957Z-004/DRealSR/Test_x4/LR/dreal4_64.png,2800.400146484375,5.213829773181162,0.059218987822532654,20.9834584935561,0.6067624092102051,nan,nan
HAT,panasonic_187,/data/projectwork/sr_output/HAT_inference/DReal_x4/visualization/DReal_x4/panasonic_187_x1_DReal_x4.png,/home/projectwork/Deep_learning/VANSH_WORK/Internship/old/dataset/DRealSR-20231109T095957Z-004/DRealSR/Test_x4/HR/panasonic_187_x4.png,/home/projectwork/Deep_learning/VANSH_WORK/Internship/old/dataset/DRealSR-20231109T095957Z-004/DRealSR/Test_x4/LR/dreal4_65.png,2789.42529296875,4.306931530628325,0.06471144407987595,18.585161551330916,0.6844320694605509,nan,nan
HAT,panasonic_196,/data/projectwork/sr_output/HAT_inference/DReal_x4/visualization/DReal_x4/panasonic_196_x1_DReal_x4.png,/home/projectwork/Deep_learning/VANSH_WORK/Internship/old/dataset/DRealSR-20231109T095957Z-004/DRealSR/Test_x4/HR/panasonic_196_x4.png,/home/projectwork/Deep_learning/VANSH_WORK/Internship/old/dataset/DRealSR-20231109T095957Z-004/DRealSR/Test_x4/LR/dreal4_66.png,2808.3671875,4.9831645597927,0.02579357661306858,27.08147340884647,0.8013707598050436,nan,nan
HAT,panasonic_197,/data/projectwork/sr_output/HAT_inference/DReal_x4/visualization/DReal_x4/panasonic_197_x1_DReal_x4.png,/home/projectwork/Deep_learning/VANSH_WORK/Internship/old/dataset/DRealSR-20231109T095957Z-004/DRealSR/Test_x4/HR/panasonic_197_x4.png,/home/projectwork/Deep_learning/VANSH_WORK/Internship/old/dataset/DRealSR-20231109T095957Z-004/DRealSR/Test_x4/LR/dreal4_67.png,2808.519775390625,5.911681728382663,0.038386810570955276,23.830956722164295,0.717317521572113,nan,nan
HAT,panasonic_202,/data/projectwork/sr_output/HAT_inference/DReal_x4/visualization/DReal_x4/panasonic_202_x1_DReal_x4.png,/home/projectwork/Deep_learning/VANSH_WORK/Internship/old/dataset/DRealSR-20231109T095957Z-004/DRealSR/Test_x4/HR/panasonic_202_x4.png,/home/projectwork/Deep_learning/VANSH_WORK/Internship/old/dataset/DRealSR-20231109T095957Z-004/DRealSR/Test_x4/LR/dreal4_68.png,2814.130126953125,4.929384971893511,0.026959847658872604,26.203485705962443,0.774007519086202,nan,nan
HAT,panasonic_206,/data/projectwork/sr_output/HAT_inference/DReal_x4/visualization/DReal_x4/panasonic_206_x1_DReal_x4.png,/home/projectwork/Deep_learning/VANSH_WORK/Internship/old/dataset/DRealSR-20231109T095957Z-004/DRealSR/Test_x4/HR/panasonic_206_x4.png,/home/projectwork/Deep_learning/VANSH_WORK/Internship/old/dataset/DRealSR-20231109T095957Z-004/DRealSR/Test_x4/LR/dreal4_69.png,2814.697021484375,4.5989145644598155,0.0200162623077631,26.664429193515886,0.8062864144643148,nan,nan
HAT,panasonic_233,/data/projectwork/sr_output/HAT_inference/DReal_x4/visualization/DReal_x4/panasonic_233_x1_DReal_x4.png,/home/projectwork/Deep_learning/VANSH_WORK/Internship/old/dataset/DRealSR-20231109T095957Z-004/DRealSR/Test_x4/HR/panasonic_233_x4.png,/home/projectwork/Deep_learning/VANSH_WORK/Internship/old/dataset/DRealSR-20231109T095957Z-004/DRealSR/Test_x4/LR/dreal4_70.png,2809.70556640625,4.664242825129039,0.033293016254901886,25.88568523227554,0.7935720483462015,nan,nan
HAT,panasonic_43,/data/projectwork/sr_output/HAT_inference/DReal_x4/visualization/DReal_x4/panasonic_43_x1_DReal_x4.png,/home/projectwork/Deep_learning/VANSH_WORK/Internship/old/dataset/DRealSR-20231109T095957Z-004/DRealSR/Test_x4/HR/panasonic_43_x4.png,/home/projectwork/Deep_learning/VANSH_WORK/Internship/old/dataset/DRealSR-20231109T095957Z-004/DRealSR/Test_x4/LR/dreal4_71.png,2799.37939453125,2.683901799114863,0.03298819810152054,24.092916125069102,0.530521829922994,nan,nan
HAT,panasonic_50,/data/projectwork/sr_output/HAT_inference/DReal_x4/visualization/DReal_x4/panasonic_50_x1_DReal_x4.png,/home/projectwork/Deep_learning/VANSH_WORK/Internship/old/dataset/DRealSR-20231109T095957Z-004/DRealSR/Test_x4/HR/panasonic_50_x4.png,/home/projectwork/Deep_learning/VANSH_WORK/Internship/old/dataset/DRealSR-20231109T095957Z-004/DRealSR/Test_x4/LR/dreal4_72.png,2800.6826171875,2.8011911500566575,0.03379077464342117,25.474220517778406,0.6974803407986959,nan,nan
HAT,panasonic_57,/data/projectwork/sr_output/HAT_inference/DReal_x4/visualization/DReal_x4/panasonic_57_x1_DReal_x4.png,/home/projectwork/Deep_learning/VANSH_WORK/Internship/old/dataset/DRealSR-20231109T095957Z-004/DRealSR/Test_x4/HR/panasonic_57_x4.png,/home/projectwork/Deep_learning/VANSH_WORK/Internship/old/dataset/DRealSR-20231109T095957Z-004/DRealSR/Test_x4/LR/dreal4_73.png,2816.606201171875,3.155077525707406,0.039390262216329575,24.004245505596067,0.622332771619161,nan,nan
HAT,panasonic_60,/data/projectwork/sr_output/HAT_inference/DReal_x4/visualization/DReal_x4/panasonic_60_x1_DReal_x4.png,/home/projectwork/Deep_learning/VANSH_WORK/Internship/old/dataset/DRealSR-20231109T095957Z-004/DRealSR/Test_x4/HR/panasonic_60_x4.png,/home/projectwork/Deep_learning/VANSH_WORK/Internship/old/dataset/DRealSR-20231109T095957Z-004/DRealSR/Test_x4/LR/dreal4_74.png,2815.434326171875,2.96196178743091,0.02598036639392376,28.083218034289953,0.8184407154719034,nan,nan
HAT,panasonic_62,/data/projectwork/sr_output/HAT_inference/DReal_x4/visualization/DReal_x4/panasonic_62_x1_DReal_x4.png,/home/projectwork/Deep_learning/VANSH_WORK/Internship/old/dataset/DRealSR-20231109T095957Z-004/DRealSR/Test_x4/HR/panasonic_62_x4.png,/home/projectwork/Deep_learning/VANSH_WORK/Internship/old/dataset/DRealSR-20231109T095957Z-004/DRealSR/Test_x4/LR/dreal4_75.png,2817.84619140625,4.300577536625851,0.01651049591600895,30.88293771060072,0.8389308651288351,nan,nan
HAT,panasonic_85,/data/projectwork/sr_output/HAT_inference/DReal_x4/visualization/DReal_x4/panasonic_85_x1_DReal_x4.png,/home/projectwork/Deep_learning/VANSH_WORK/Internship/old/dataset/DRealSR-20231109T095957Z-004/DRealSR/Test_x4/HR/panasonic_85_x4.png,/home/projectwork/Deep_learning/VANSH_WORK/Internship/old/dataset/DRealSR-20231109T095957Z-004/DRealSR/Test_x4/LR/dreal4_76.png,2809.578857421875,3.4709486567652963,0.016876788809895515,29.199428900434295,0.8306159774462382,nan,nan
HAT,sony_1,/data/projectwork/sr_output/HAT_inference/DReal_x4/visualization/DReal_x4/sony_1_x1_DReal_x4.png,/home/projectwork/Deep_learning/VANSH_WORK/Internship/old/dataset/DRealSR-20231109T095957Z-004/DRealSR/Test_x4/HR/sony_1_x4.png,/home/projectwork/Deep_learning/VANSH_WORK/Internship/old/dataset/DRealSR-20231109T095957Z-004/DRealSR/Test_x4/LR/dreal4_88.png,2812.0205078125,5.931089156524483,0.04001466557383537,16.802939000739944,0.5910569230715433,nan,nan
HAT,sony_100,/data/projectwork/sr_output/HAT_inference/DReal_x4/visualization/DReal_x4/sony_100_x1_DReal_x4.png,/home/projectwork/Deep_learning/VANSH_WORK/Internship/old/dataset/DRealSR-20231109T095957Z-004/DRealSR/Test_x4/HR/sony_100_x4.png,/home/projectwork/Deep_learning/VANSH_WORK/Internship/old/dataset/DRealSR-20231109T095957Z-004/DRealSR/Test_x4/LR/dreal4_77.png,2810.25390625,5.802999035495233,0.025423770770430565,25.341995663659805,0.7995995283126831,nan,nan
HAT,sony_107,/data/projectwork/sr_output/HAT_inference/DReal_x4/visualization/DReal_x4/sony_107_x1_DReal_x4.png,/home/projectwork/Deep_learning/VANSH_WORK/Internship/old/dataset/DRealSR-20231109T095957Z-004/DRealSR/Test_x4/HR/sony_107_x4.png,/home/projectwork/Deep_learning/VANSH_WORK/Internship/old/dataset/DRealSR-20231109T095957Z-004/DRealSR/Test_x4/LR/dreal4_78.png,2812.603515625,5.978916706875848,0.021493561565876007,24.253929453254123,0.7795178095499674,nan,nan
HAT,sony_11,/data/projectwork/sr_output/HAT_inference/DReal_x4/visualization/DReal_x4/sony_11_x1_DReal_x4.png,/home/projectwork/Deep_learning/VANSH_WORK/Internship/old/dataset/DRealSR-20231109T095957Z-004/DRealSR/Test_x4/HR/sony_11_x4.png,/home/projectwork/Deep_learning/VANSH_WORK/Internship/old/dataset/DRealSR-20231109T095957Z-004/DRealSR/Test_x4/LR/dreal4_80.png,2812.181884765625,5.80033455070304,0.01393307838588953,31.248026842840552,0.87751305103302,nan,nan
HAT,sony_116,/data/projectwork/sr_output/HAT_inference/DReal_x4/visualization/DReal_x4/sony_116_x1_DReal_x4.png,/home/projectwork/Deep_learning/VANSH_WORK/Internship/old/dataset/DRealSR-20231109T095957Z-004/DRealSR/Test_x4/HR/sony_116_x4.png,/home/projectwork/Deep_learning/VANSH_WORK/Internship/old/dataset/DRealSR-20231109T095957Z-004/DRealSR/Test_x4/LR/dreal4_79.png,2817.70947265625,7.3475021850665385,0.019360709935426712,29.908633116288996,0.8491970698038737,nan,nan
HAT,sony_120,/data/projectwork/sr_output/HAT_inference/DReal_x4/visualization/DReal_x4/sony_120_x1_DReal_x4.png,/home/projectwork/Deep_learning/VANSH_WORK/Internship/old/dataset/DRealSR-20231109T095957Z-004/DRealSR/Test_x4/HR/sony_120_x4.png,/home/projectwork/Deep_learning/VANSH_WORK/Internship/old/dataset/DRealSR-20231109T095957Z-004/DRealSR/Test_x4/LR/dreal4_81.png,2809.94677734375,5.789020440850989,0.03138814494013786,24.72737480069213,0.7834028402964274,nan,nan
HAT,sony_129,/data/projectwork/sr_output/HAT_inference/DReal_x4/visualization/DReal_x4/sony_129_x1_DReal_x4.png,/home/projectwork/Deep_learning/VANSH_WORK/Internship/old/dataset/DRealSR-20231109T095957Z-004/DRealSR/Test_x4/HR/sony_129_x4.png,/home/projectwork/Deep_learning/VANSH_WORK/Internship/old/dataset/DRealSR-20231109T095957Z-004/DRealSR/Test_x4/LR/dreal4_82.png,2801.094482421875,2.8696238618889307,0.04196752980351448,22.290195551976705,0.4981918732325236,nan,nan
HAT,sony_158,/data/projectwork/sr_output/HAT_inference/DReal_x4/visualization/DReal_x4/sony_158_x1_DReal_x4.png,/home/projectwork/Deep_learning/VANSH_WORK/Internship/old/dataset/DRealSR-20231109T095957Z-004/DRealSR/Test_x4/HR/sony_158_x4.png,/home/projectwork/Deep_learning/VANSH_WORK/Internship/old/dataset/DRealSR-20231109T095957Z-004/DRealSR/Test_x4/LR/dreal4_83.png,2817.40771484375,5.007684513612378,0.027962932363152504,28.53492306775268,0.8857658505439758,nan,nan
HAT,sony_160,/data/projectwork/sr_output/HAT_inference/DReal_x4/visualization/DReal_x4/sony_160_x1_DReal_x4.png,/home/projectwork/Deep_learning/VANSH_WORK/Internship/old/dataset/DRealSR-20231109T095957Z-004/DRealSR/Test_x4/HR/sony_160_x4.png,/home/projectwork/Deep_learning/VANSH_WORK/Internship/old/dataset/DRealSR-20231109T095957Z-004/DRealSR/Test_x4/LR/dreal4_84.png,2824.43115234375,6.100377639958917,0.01991903968155384,30.59212888860221,0.9271184404691061,nan,nan
HAT,sony_169,/data/projectwork/sr_output/HAT_inference/DReal_x4/visualization/DReal_x4/sony_169_x1_DReal_x4.png,/home/projectwork/Deep_learning/VANSH_WORK/Internship/old/dataset/DRealSR-20231109T095957Z-004/DRealSR/Test_x4/HR/sony_169_x4.png,/home/projectwork/Deep_learning/VANSH_WORK/Internship/old/dataset/DRealSR-20231109T095957Z-004/DRealSR/Test_x4/LR/dreal4_85.png,2812.69287109375,7.2489506341916305,0.04765067994594574,21.423425974104653,0.6737901369730631,nan,nan
HAT,sony_183,/data/projectwork/sr_output/HAT_inference/DReal_x4/visualization/DReal_x4/sony_183_x1_DReal_x4.png,/home/projectwork/Deep_learning/VANSH_WORK/Internship/old/dataset/DRealSR-20231109T095957Z-004/DRealSR/Test_x4/HR/sony_183_x4.png,/home/projectwork/Deep_learning/VANSH_WORK/Internship/old/dataset/DRealSR-20231109T095957Z-004/DRealSR/Test_x4/LR/dreal4_86.png,2818.52978515625,7.190396635101616,0.02145584486424923,28.077181467979383,0.8912514249483744,nan,nan
HAT,sony_189,/data/projectwork/sr_output/HAT_inference/DReal_x4/visualization/DReal_x4/sony_189_x1_DReal_x4.png,/home/projectwork/Deep_learning/VANSH_WORK/Internship/old/dataset/DRealSR-20231109T095957Z-004/DRealSR/Test_x4/HR/sony_189_x4.png,/home/projectwork/Deep_learning/VANSH_WORK/Internship/old/dataset/DRealSR-20231109T095957Z-004/DRealSR/Test_x4/LR/dreal4_87.png,2835.4716796875,5.510526800545898,0.02022157795727253,30.302886236352016,0.9211688041687012,nan,nan
HAT,sony_49,/data/projectwork/sr_output/HAT_inference/DReal_x4/visualization/DReal_x4/sony_49_x1_DReal_x4.png,/home/projectwork/Deep_learning/VANSH_WORK/Internship/old/dataset/DRealSR-20231109T095957Z-004/DRealSR/Test_x4/HR/sony_49_x4.png,/home/projectwork/Deep_learning/VANSH_WORK/Internship/old/dataset/DRealSR-20231109T095957Z-004/DRealSR/Test_x4/LR/dreal4_89.png,2818.653076171875,6.552310700459682,0.016200758516788483,31.27438550293778,0.869659960269928,nan,nan
HAT,sony_53,/data/projectwork/sr_output/HAT_inference/DReal_x4/visualization/DReal_x4/sony_53_x1_DReal_x4.png,/home/projectwork/Deep_learning/VANSH_WORK/Internship/old/dataset/DRealSR-20231109T095957Z-004/DRealSR/Test_x4/HR/sony_53_x4.png,/home/projectwork/Deep_learning/VANSH_WORK/Internship/old/dataset/DRealSR-20231109T095957Z-004/DRealSR/Test_x4/LR/dreal4_90.png,2814.835693359375,3.8431489011504842,0.03199651092290878,26.262329355931584,0.8211709459622701,nan,nan
HAT,sony_54,/data/projectwork/sr_output/HAT_inference/DReal_x4/visualization/DReal_x4/sony_54_x1_DReal_x4.png,/home/projectwork/Deep_learning/VANSH_WORK/Internship/old/dataset/DRealSR-20231109T095957Z-004/DRealSR/Test_x4/HR/sony_54_x4.png,/home/projectwork/Deep_learning/VANSH_WORK/Internship/old/dataset/DRealSR-20231109T095957Z-004/DRealSR/Test_x4/LR/dreal4_91.png,2802.1787109375,3.8945533316022023,0.03281736373901367,26.17273334173422,0.7629855076471964,nan,nan
HAT,sony_80,/data/projectwork/sr_output/HAT_inference/DReal_x4/visualization/DReal_x4/sony_80_x1_DReal_x4.png,/home/projectwork/Deep_learning/VANSH_WORK/Internship/old/dataset/DRealSR-20231109T095957Z-004/DRealSR/Test_x4/HR/sony_80_x4.png,/home/projectwork/Deep_learning/VANSH_WORK/Internship/old/dataset/DRealSR-20231109T095957Z-004/DRealSR/Test_x4/LR/dreal4_92.png,2806.500244140625,3.509868231349156,0.030954565852880478,26.024243775216224,0.7532646457354227,nan,nan
HAT,sony_82,/data/projectwork/sr_output/HAT_inference/DReal_x4/visualization/DReal_x4/sony_82_x1_DReal_x4.png,/home/projectwork/Deep_learning/VANSH_WORK/Internship/old/dataset/DRealSR-20231109T095957Z-004/DRealSR/Test_x4/HR/sony_82_x4.png,/home/projectwork/Deep_learning/VANSH_WORK/Internship/old/dataset/DRealSR-20231109T095957Z-004/DRealSR/Test_x4/LR/dreal4_93.png,2809.81005859375,3.833567220064625,0.032283272594213486,25.448283459577166,0.7528257966041565,nan,nan
