epoch,l_total,l_pix,l_vgg,l_kl,l_rank,psnr,ssim,sz_auroc,grad_norm_pix,grad_norm_vgg,grad_norm_kl,w_vgg,beta_kl_eff
1,1.4999915677714308,0.03608637986971903,2.3344169965332027,0.7655098542917032,0.9204312810518955,,,,0.39062963353524655,17.41957046735725,8.720577875913248,0.1,1.0
2,1.0227343198622438,0.03361666270811265,2.3880906757924887,0.8664111698889614,0.10723435414188588,,,,2.552404115327759,14.035477264256922,8.613248081834952,0.1,0.9646
3,1.2474520639400577,0.03083556573058032,2.010783069367037,0.8578793579962716,0.06731892783854318,,,,0.9814567597217154,20.0777572681019,8.758309053085469,0.1,1.0
4,1.2418199515659023,0.030245455999736662,1.9426207272814677,0.9074495196293045,0.06924968453168183,,,,1.3947811193846855,28.1243056629272,9.571226535766563,0.1,1.0
5,1.241331471287789,0.030397999009648787,1.9317658424229172,0.9196771327684174,0.07102755100626211,,,,1.406855444798533,9.406124800299132,9.075760581932078,0.1,1.0
6,1.238388866532106,0.030035321777964485,1.9181126079847959,0.7285358413534971,0.0661310608613623,,,,0.7647322752925825,8.791402453445738,6.5216784489601745,0.1,1.0
7,1.3150689347861813,0.03190183793047866,2.040233957233714,0.6547895860587978,0.2934934179901493,,,,1.7936820297937306,8.88785742286948,7.588491365241394,0.1,1.0
8,1.245255046865438,0.02992871000043813,1.9807880185235593,0.7088004206840078,0.0689901393350861,,,,0.7467333627918733,8.987024272456084,7.469964533113527,0.1,1.0
9,1.2404591282505302,0.02967478828944859,1.9171920670304528,0.7681224532981417,0.07626052293046337,,,,1.4393525732627577,7.880419741747295,11.346767454208605,0.1,1.0
10,1.2292272410977934,0.029416222641148772,1.8535681076063644,0.8345198536640771,0.05781683273543581,34.064353942871094,0.9651624858379364,0.75,6.09181833307296,18.294691331187945,8.330066645085008,0.1,1.0
11,1.234344446688742,0.02980729556877234,1.8714485579165654,0.7826113582621166,0.06955760288148959,,,,4.787045768291132,12.526247983724836,6.538149723744567,0.1,1.0
12,1.2270674871568064,0.029005121338917916,1.8249489546909459,0.6616713632991658,0.06226987647274772,,,,3.801043018248059,17.895072452057345,7.139615578965542,0.1,1.0
13,1.2220992019915857,0.028771760348372692,1.8039970113764552,0.7476051411472545,0.051710959302014796,,,,0.46788834270330754,9.53723875618346,7.399568950585888,0.1,1.0
14,1.2215583685717575,0.028709271716133106,1.8027935395292185,0.7788939320823645,0.05027897338204233,,,,2.121269054667469,10.949910625164813,7.420303053583182,0.1,1.0
15,1.2207909039597014,0.028419228818554857,1.7768483120163479,0.8455115811988885,0.05874736810304306,,,,3.524729449221401,8.488244847761015,8.691117931257729,0.1,1.0
16,1.221888026194786,0.028197645302784704,1.766436799396923,0.8769571859247451,0.06818680150441139,,,,4.951695770866918,10.376172601730294,8.233732346062139,0.1,1.0
17,1.2169885442624637,0.02805221090433041,1.7509964371646816,0.8921256804248785,0.05534675440807996,,,,1.0148976721010812,6.6632089953120435,9.828407034305972,0.1,1.0
18,1.2206674457881383,0.02793800354522852,1.758025553367822,0.7505604927713796,0.06770748694463381,,,,2.072282409583273,11.402295932295246,6.73150955364376,0.1,1.0
19,1.2130805551511534,0.027596663887524485,1.7223663335267585,0.6964331880384812,0.05298902422283537,,,,3.4096217709103835,9.090310004201415,8.668527189589438,0.1,1.0
20,1.2118405257390308,0.02741675200380978,1.716408454857853,0.7558734850652182,0.05113170738975571,37.13982391357422,0.9700736701488495,1.0,0.9751665790446395,16.41018237827667,7.882724760897486,0.1,1.0
21,1.209564016579,0.02716638286255152,1.691302298115656,0.8209839697500959,0.05306960970812113,,,,0.5238436343393323,11.570445364714852,8.006987041338988,0.1,1.0
22,1.2102553501453368,0.026953061998576222,1.6914450677226036,0.8551420114477278,0.05663111500921969,,,,0.5640758615634806,14.78872069565948,7.842363160395958,0.1,1.0
23,1.2071251330486379,0.026806235801471803,1.6742127820923554,0.9119781401768252,0.05159047244175056,,,,2.436885490570871,12.830602075673196,8.32858563826139,0.1,1.0
24,1.20461248708997,0.02653166798837668,1.6582097960373459,0.8158978724212789,0.04903834754938925,,,,2.457150433364289,7.453603815935571,6.630672575518021,0.1,1.0
25,1.2024692395828651,0.0264880309564063,1.64958365049034,0.6729443554656818,0.044091370797984274,,,,0.5164000720151636,9.300986529178235,7.2481522898337225,0.1,1.0
26,1.2016139090258882,0.02617427938931296,1.6390309036519397,0.766952367218375,0.046146158394531574,,,,4.6455011482395845,12.064444935368394,7.479370929159593,0.1,1.0
27,1.2004194115327167,0.025967485789954045,1.626290510048716,0.7884158832121448,0.04729150567799553,,,,0.6025130882545087,8.576388997048468,7.859734371844878,0.1,1.0
28,1.1992402822520603,0.025751575813698236,1.6118357142998805,0.8392171432475743,0.04922054389223551,,,,2.7344565361388073,8.195770589629717,8.50520573215372,0.1,1.0
29,1.1973904281310972,0.025547727784543464,1.5969971706519277,0.8693160259753318,0.04857193053398692,,,,2.729260375184744,9.188580255868349,7.97396622466422,0.1,1.0
30,1.1954871254971569,0.025366595873275576,1.5878077093542708,0.8834065362242719,0.04535903138814296,31.5871639251709,0.9497136026620865,1.0,4.169537111128833,6.95530905222688,7.765724834391742,0.1,1.0
31,1.1946498597933484,0.02530528472351902,1.5867199501143165,0.9029414776101041,0.042690322752070325,,,,1.0743725269586302,30.4844546466869,10.50501246552188,0.1,1.0
32,1.1931705294458033,0.024958436973902643,1.563597870901054,0.9085254132945344,0.04740921784777146,,,,0.8822676496102334,9.788422780091315,8.53545595174758,0.1,1.0
33,1.1915070336948381,0.024932363859391703,1.5588660668550836,0.8133649237911104,0.04274479526709155,,,,1.7926826973733336,6.903470805895737,8.150844294832297,0.1,1.0
34,1.1904451143286912,0.024832689526118647,1.55341599592522,0.7697345368057539,0.04108330018034067,,,,0.5693516306927208,11.90333112971942,7.464878340604828,0.1,1.0
35,1.1906232999924997,0.024714805386963596,1.5442695908038375,0.8056580334852387,0.04592613862143226,,,,4.072811818578727,9.299388171206868,7.616607858576007,0.1,1.0
36,1.188461791520095,0.024453057473522315,1.5306834941282004,0.8197218860263256,0.04376153732501157,,,,2.1358957918531627,4.390411473829875,7.9434137301491345,0.1,1.0
37,1.1912634967274927,0.024429324682675314,1.5295120583689628,0.818941110179792,0.05553185912068506,,,,1.9240851817922486,5.7195423739796425,8.594213789178408,0.1,1.0
38,1.1869121215632108,0.02432438421177417,1.5240739909793013,0.8126994897526493,0.04072134591036387,,,,0.24116113366073733,5.4684061574752825,8.683360628470805,0.1,1.0
39,1.1852541656339939,0.02421856131775314,1.515795033666032,0.8458128622663554,0.0378244057038719,,,,2.0178832158131264,9.931600927242675,8.318946132613249,0.1,1.0
40,1.1855396512234784,0.024208342678115932,1.511827838843438,0.8467531377699837,0.04059409069419952,42.08042335510254,0.9757429659366608,0.75,0.3917974196410798,8.17020995193344,8.4754888869614,0.1,1.0
41,1.1841410612486687,0.023996762900071134,1.5000632562200427,0.8607853732101162,0.04055189146991683,,,,1.0440809093603662,5.589627927398507,8.738299110255054,0.1,1.0
42,1.1824735379831905,0.023922444315037227,1.4930857856376452,0.8784042672187733,0.036970061992038214,,,,0.36908860444176766,4.480833834044036,9.230376731140586,0.1,1.0
43,1.1833108206392322,0.023901172446019046,1.4982625793783029,0.9042795184338666,0.03833355383041865,,,,1.407809995160406,8.040232421176421,9.286781314336876,0.1,1.0
44,1.1812584223735392,0.023778622779627615,1.4877179594429373,0.893535781509643,0.03483201455682182,,,,1.1131456562535433,7.743825099600063,9.96494573190429,0.1,1.0
45,1.180136716435007,0.02371726456564692,1.4809892363660964,0.8986332250965966,0.033282105027890994,,,,1.750125997113268,4.444794084111139,11.306243328224097,0.1,1.0
46,1.1807834441784404,0.02373945893708981,1.4837536235427975,0.8978118601179439,0.034674488192912564,,,,1.028337538133454,5.792352988989502,9.972566433414286,0.1,1.0
47,1.1809531461638993,0.023625894568190225,1.4725688836640782,0.9307039551078581,0.04028145245356037,,,,0.6892963622505919,5.058964429626566,11.16049113356202,0.1,1.0
48,1.1803370887169593,0.02361724195943197,1.4755860349135612,0.9443967591470747,0.03664497184002682,,,,0.43455897374055646,5.101948554679961,9.738594232828962,0.1,1.0
49,1.1793862581253052,0.02364281088671343,1.4733498144159665,0.9209951374611847,0.03363385907740153,,,,0.8176339121450474,5.1317671143287145,10.046677159775406,0.1,1.0
50,1.1786897230899551,0.023547771573684505,1.4642954792203398,0.8920988182523357,0.034849485625543,42.39359378814697,0.9763970226049423,1.0,0.33075153870471424,6.316479683955039,12.141113803665116,0.1,1.0
