folder,iteration,filename,path,D_WACV
Canon_40_x1,5,iteration_00005.png,/home/projectwork/vansh_zssr/Canon_40_x1/intermediate/X4.00X4.00/iteration_00005.png,2824.44677734375
Canon_40_x1,10,iteration_00010.png,/home/projectwork/vansh_zssr/Canon_40_x1/intermediate/X4.00X4.00/iteration_00010.png,2824.4580078125
Canon_40_x1,15,iteration_00015.png,/home/projectwork/vansh_zssr/Canon_40_x1/intermediate/X4.00X4.00/iteration_00015.png,2824.397705078125
Canon_40_x1,30,iteration_00030.png,/home/projectwork/vansh_zssr/Canon_40_x1/intermediate/X4.00X4.00/iteration_00030.png,2824.416015625
Canon_40_x1,55,iteration_00055.png,/home/projectwork/vansh_zssr/Canon_40_x1/intermediate/X4.00X4.00/iteration_00055.png,2824.40185546875
Canon_40_x1,105,iteration_00105.png,/home/projectwork/vansh_zssr/Canon_40_x1/intermediate/X4.00X4.00/iteration_00105.png,2824.41748046875
Canon_40_x1,255,iteration_00255.png,/home/projectwork/vansh_zssr/Canon_40_x1/intermediate/X4.00X4.00/iteration_00255.png,2824.410400390625
Canon_40_x1,505,iteration_00505.png,/home/projectwork/vansh_zssr/Canon_40_x1/intermediate/X4.00X4.00/iteration_00505.png,2824.057861328125
Canon_40_x1,1005,iteration_01005.png,/home/projectwork/vansh_zssr/Canon_40_x1/intermediate/X4.00X4.00/iteration_01005.png,2823.48046875
